Title,Video URL,Video Duration,Views Number,Date the video uploaded,Channel URL of the video,Thumbnail URL
"HEARTOPIA Is Almost Here! Everything You Need to Know Before Release 💗","https://www.youtube.com/watch?v=H3n0zoMf0RQ&pp=ygUJaGVhcnRvcGlh","12.18","3.6万次观看","7天前","https://www.youtube.com/@Fleurs_","https://yt3.ggpht.com/Q1DW8EgP5ILdzXf5fzp3WTMGjPo9SytUrYAHR7GqEPFsvYAs9caZ8_HfoZBdT43jqCBo5x1a=s68-c-k-c0x00ffffff-no-rj"
"Heartopia Beginner’s Guide [30+ Tips I Wish I Knew Day One]","https://www.youtube.com/watch?v=Q7pHY-DePl8&pp=ygUJaGVhcnRvcGlh","27.56","4.2万次观看","3天前","https://www.youtube.com/@Serrohverse","https://yt3.ggpht.com/AAbVem_S59ZfyoJOulsPfx76Cpe2YHebMegbnY-tAt99SWFTTKc2sCq-rrneeung3VgENwLJ=s68-c-k-c0x00ffffff-no-rj"
"Is Heartopia Worth Your Time? | Play or Pass 🤔","https://www.youtube.com/watch?v=v5XQyiGSYw0&pp=ygUJaGVhcnRvcGlh0gcJCU0KAYcqIYzv","20.36","3.2万次观看","3天前","https://www.youtube.com/@LetzPlayK","https://yt3.ggpht.com/95wUhTCPsPJ5Ocj909q28ipmAFpdjoKmi-qY5mi5oeNTSdqvRajT36SlKAmskSS5YXhb-z53sZs=s68-c-k-c0x00ffffff-no-rj"
"👉 Heartopia | How to Adopt a Cat 🐱","https://www.youtube.com/watch?v=7BBZTWsN4mo&pp=ygUJaGVhcnRvcGlh","16.41","1661次观看","12小时前","https://www.youtube.com/@EroseSays","https://yt3.ggpht.com/ytc/AIdro_kZKiUxIqJ2STd_ltDB7Hl2nM8onnu7ddNi0peS8xMjWdc=s68-c-k-c0x00ffffff-no-rj"
"I'm OBSESSED with this game!!⭐Heartopia","https://www.youtube.com/watch?v=rT1ZtsSkiw0&pp=ygUJaGVhcnRvcGlh","9.35","3.7万次观看","1个月前","https://www.youtube.com/@froggycrossing","https://yt3.ggpht.com/ytc/AIdro_njvs0fhAC6tC_EqbhJc-HqzrDzxjDrCWFK71NOGu6ivL0=s68-c-k-c0x00ffffff-no-rj"
"🔴Heartopia is OUT! let's build an epic theme park!","https://www.youtube.com/watch?v=uoLNNQHP1Mg&pp=ygUJaGVhcnRvcGlh","2.02:29","1万次观看","直播时间：3天前","https://www.youtube.com/@froggycrossing","https://yt3.ggpht.com/ytc/AIdro_njvs0fhAC6tC_EqbhJc-HqzrDzxjDrCWFK71NOGu6ivL0=s68-c-k-c0x00ffffff-no-rj"
"✨Building My DREAM HOME in Heartopia!","https://www.youtube.com/watch?v=YdhsSM-jLPQ&pp=ygUJaGVhcnRvcGlh","15.55","4.2万次观看","4天前","https://www.youtube.com/@KatherineElizabeth_","https://yt3.ggpht.com/HrWiYVvpL8gxcElPJ6B6jIaWttZqykIJV2L6Kym0uFM2RlLR9My_3J_WvmD0E4qDuMc_eLEv5g=s68-c-k-c0x00ffffff-no-rj"
"MAKE MONEY FAST in Heartopia! How to earn CURRENCY! Guide","https://www.youtube.com/watch?v=CcWod7SS16E&pp=ygUJaGVhcnRvcGlh","9.23","2.1万次观看","1天前","https://www.youtube.com/@CozyCyber","https://yt3.ggpht.com/SGVvaP3f3P_IZqosvqGjl2lHI86NGfx_VBLQlx1I2HjKXI6xCzS85YfgDwRVJb2dcnPWt5m_7ck=s68-c-k-c0x00ffffff-no-rj"
"🔴first look at HEARTOPIA🧡the CUTEST new life sim game!","https://www.youtube.com/watch?v=giC-AMjapk8&pp=ygUJaGVhcnRvcGlh","2.10:19","2.1万次观看","直播时间：2个月前","https://www.youtube.com/@froggycrossing","https://yt3.ggpht.com/ytc/AIdro_njvs0fhAC6tC_EqbhJc-HqzrDzxjDrCWFK71NOGu6ivL0=s68-c-k-c0x00ffffff-no-rj"
"I made my boyfriend play HEARTOPIA","https://www.youtube.com/watch?v=zrUMYnM9OhY&pp=ygUJaGVhcnRvcGlh","9.13","25万次观看","3周前","https://www.youtube.com/@froggycrossing","https://yt3.ggpht.com/ytc/AIdro_njvs0fhAC6tC_EqbhJc-HqzrDzxjDrCWFK71NOGu6ivL0=s68-c-k-c0x00ffffff-no-rj"
"Is Heartopia the CUTEST Game Ever? 💕 First Look!","https://www.youtube.com/watch?v=x760tzTPuzE&pp=ygUJaGVhcnRvcGlh","24.54","4441次观看","1天前","https://www.youtube.com/@yammy","https://yt3.ggpht.com/dht6pg4dBvTDp6GVLQP-7nFAAIg_Ze9AtIYvRzBUehORXt1Z_Yj-SZUB3yFUOvheVAiD41xi1Q=s68-c-k-c0x00ffffff-no-rj"
"Heartopia COULD be the next BIG Cozy Game!! HONEST Thoughts So Far...","https://www.youtube.com/watch?v=p8AybpTEEAY&pp=ygUJaGVhcnRvcGlh","10.30","1.3万次观看","2个月前","https://www.youtube.com/@NintenTalk","https://yt3.ggpht.com/ucJeoe_F68_46BqLbPs2ygpRybvInUQvrSf7xMcBCpzQjHScRSHGqS_FnR2L_-mNzYMYRVBEJw=s68-c-k-c0x00ffffff-no-rj"
"WATCH THIS BEFORE YOU PLAY HEARTOPIA! Complete Guide for Full Release","https://www.youtube.com/watch?v=MnJWQfrlBgk&pp=ygUJaGVhcnRvcGlh","12.23","2.3万次观看","2周前","https://www.youtube.com/@CozyCyber","https://yt3.ggpht.com/SGVvaP3f3P_IZqosvqGjl2lHI86NGfx_VBLQlx1I2HjKXI6xCzS85YfgDwRVJb2dcnPWt5m_7ck=s68-c-k-c0x00ffffff-no-rj"
"My Last Day in Heartopia… I’m Not Ready to Say Goodbye 🥹✨","https://www.youtube.com/watch?v=H_MHc5HnWXU&pp=ygUJaGVhcnRvcGlh","22.09","37万次观看","2周前","https://www.youtube.com/@fantayzia","https://yt3.ggpht.com/39d1-Jb-sK1Ory4aP0BuDhiAGv18teBgsQ-Mh2T4NOYSsbMHTizv-Gl54chIr-BQ14LRhsBc=s68-c-k-c0x00ffffff-no-rj"
"Playing Heartopia With MY VIEWERS! Cozy Multiplayer Life Sim","https://www.youtube.com/watch?v=c4b9lQFHBdM&pp=ygUJaGVhcnRvcGlh","38.12","4131次观看","2天前","https://www.youtube.com/@fantayzia","https://yt3.ggpht.com/39d1-Jb-sK1Ory4aP0BuDhiAGv18teBgsQ-Mh2T4NOYSsbMHTizv-Gl54chIr-BQ14LRhsBc=s68-c-k-c0x00ffffff-no-rj"
"👉 Heartopia | Golden Bubble Locations 🫧 FREE School Outfit","https://www.youtube.com/watch?v=r8q8K09d9y8&pp=ygUJaGVhcnRvcGlh","8.13","3939次观看","2天前","https://www.youtube.com/@EroseSays","https://yt3.ggpht.com/ytc/AIdro_kZKiUxIqJ2STd_ltDB7Hl2nM8onnu7ddNi0peS8xMjWdc=s68-c-k-c0x00ffffff-no-rj"
"8 Tips to Earn Money in Heartopia","https://www.youtube.com/watch?v=x3dlr7R2IHk&pp=ygUJaGVhcnRvcGlh","4.15","1.3万次观看","2天前","https://www.youtube.com/@StMilk_yt","https://yt3.ggpht.com/Hg-LHFWy3hGutw3D8CU5mz9wKy589l5YIOQwlEm1MQberDylu4gxCfjV5MTWsau9afFHLYxDQ-k=s68-c-k-c0x00ffffff-no-rj"
"Heartopia Gameplay Trailer | TGS 2025","https://www.youtube.com/watch?v=wq6h-VJUmOo&pp=ygUJaGVhcnRvcGlh","1.11","13万次观看","4个月前","https://www.youtube.com/@Heartopia-official","https://yt3.ggpht.com/3GBH23oPFmFLP0J1tW78KkKQSZfb2irw4IxjKC5YjPw6NUI_x81xbxLvvkhY53wBYtM9km1T=s68-c-k-c0x00ffffff-no-rj"
"🔴let's build and decorate in HEARTOPIA!","https://www.youtube.com/watch?v=hBIylNAriiE&pp=ygUJaGVhcnRvcGlh0gcJCU0KAYcqIYzv","2.03:29","1万次观看","直播时间：3周前","https://www.youtube.com/@froggycrossing","https://yt3.ggpht.com/ytc/AIdro_njvs0fhAC6tC_EqbhJc-HqzrDzxjDrCWFK71NOGu6ivL0=s68-c-k-c0x00ffffff-no-rj"
"NEW Features In Heartopia's FINAL BETA! Cozy Life Sim","https://www.youtube.com/watch?v=Uh5Lvq3u-bU&pp=ygUJaGVhcnRvcGlh","26.49","5.9万次观看","1个月前","https://www.youtube.com/@fantayzia","https://yt3.ggpht.com/39d1-Jb-sK1Ory4aP0BuDhiAGv18teBgsQ-Mh2T4NOYSsbMHTizv-Gl54chIr-BQ14LRhsBc=s68-c-k-c0x00ffffff-no-rj"
"Heartopia Early Game House Tour! | 🏠💖Cozy Housing Overview & Guide + Free vs Premium","https://www.youtube.com/watch?v=vpeZV5Aof-k&pp=ygUJaGVhcnRvcGlh","18.36","2003次观看","16小时前","https://www.youtube.com/@BarbsCorner","https://yt3.ggpht.com/RP7yZJJddqPJ_hMbZok5NAWISxELyl_-1Hq3PN-h3KEyqDSVOUh9x1wyhpS_0HoYJNXE_DjzPQ=s68-c-k-c0x00ffffff-no-rj"
"Heartopia officially launches on Jan 7!","https://www.youtube.com/watch?v=MyYPETdg4Oc&pp=ygUJaGVhcnRvcGlh","2.04","251万次观看","3周前","https://www.youtube.com/@Heartopia-official","https://yt3.ggpht.com/3GBH23oPFmFLP0J1tW78KkKQSZfb2irw4IxjKC5YjPw6NUI_x81xbxLvvkhY53wBYtM9km1T=s68-c-k-c0x00ffffff-no-rj"
"Heartopia Gameplay - Global Version Android iOS","https://www.youtube.com/watch?v=l_Nzn5PiwYw&pp=ygUJaGVhcnRvcGlh","20.48","8041次观看","1个月前","https://www.youtube.com/@adeptless","https://yt3.ggpht.com/Tp5f5NcGHKfWng97D0osOECVKwE5I4c2y72gFjt0HSXqZmale04TlgeRpNNEaJdIzy3ywJjP8yI=s68-c-k-c0x00ffffff-no-rj"
"Heartopia's Build Mode Is The Most SATISFYING Experience Ever!","https://www.youtube.com/watch?v=QcW4egqM7UY&pp=ygUJaGVhcnRvcGlh","40.19","1万次观看","1个月前","https://www.youtube.com/@fantayzia","https://yt3.ggpht.com/39d1-Jb-sK1Ory4aP0BuDhiAGv18teBgsQ-Mh2T4NOYSsbMHTizv-Gl54chIr-BQ14LRhsBc=s68-c-k-c0x00ffffff-no-rj"
"Heartopia Gameplay Walkthrough Part 1 (Android, iOS)","https://www.youtube.com/watch?v=4bubXU3NBGA&pp=ygUJaGVhcnRvcGlh","21.19","2.6万次观看","2个月前","https://www.youtube.com/@Techzamazing","https://yt3.ggpht.com/ytc/AIdro_kgvcG5qmOpgHl6s9OMOTZ-1nK8L7vpjl355fr9RfsirR8=s68-c-k-c0x00ffffff-no-rj"
"20 TIPS for HEARTOPIA Beginners! Full Game Release Guide","https://www.youtube.com/watch?v=BXx6VqHHVh4&pp=ygUJaGVhcnRvcGlh","10.09","5.5万次观看","6天前","https://www.youtube.com/@CozyCyber","https://yt3.ggpht.com/SGVvaP3f3P_IZqosvqGjl2lHI86NGfx_VBLQlx1I2HjKXI6xCzS85YfgDwRVJb2dcnPWt5m_7ck=s68-c-k-c0x00ffffff-no-rj"
"Top 10 Best Cozy Mobile Games to Soothe Your Mind | Best Mobile Games 2025","https://www.youtube.com/watch?v=X9QXRfsNQYs&pp=ygUJaGVhcnRvcGlh","10.29","28万次观看","5个月前","https://www.youtube.com/@ATYT","https://yt3.ggpht.com/ytc/AIdro_n2WlThvitJbChHEnp8mnvK8SjHpIUsLRZLG_dRkYva8y0=s68-c-k-c0x00ffffff-no-rj"
"Decorating My Dream Home in Heartopia 🩷 Cozy & Relaxing Gameplay","https://www.youtube.com/watch?v=pI--Y2OkOI0&pp=ygUJaGVhcnRvcGlh","31.02","4.3万次观看","3周前","https://www.youtube.com/@fantayzia","https://yt3.ggpht.com/39d1-Jb-sK1Ory4aP0BuDhiAGv18teBgsQ-Mh2T4NOYSsbMHTizv-Gl54chIr-BQ14LRhsBc=s68-c-k-c0x00ffffff-no-rj"
"Touring The Most AMAZING Houses In Heartopia!","https://www.youtube.com/watch?v=TmVDilQKBGk&pp=ygUJaGVhcnRvcGlh","27.52","1.8万次观看","1个月前","https://www.youtube.com/@fantayzia","https://yt3.ggpht.com/39d1-Jb-sK1Ory4aP0BuDhiAGv18teBgsQ-Mh2T4NOYSsbMHTizv-Gl54chIr-BQ14LRhsBc=s68-c-k-c0x00ffffff-no-rj"
"HEARTOPIA - CUTE FRIEND MIMI AND HER MOST BEAUTIFUL HOUSE - GAMEPLAY PART 09 [ PC HD 60FPS ]","https://www.youtube.com/watch?v=QFWEj9g44mQ&pp=ygUJaGVhcnRvcGlh0gcJCU0KAYcqIYzv","5.14","520次观看","3周前","https://www.youtube.com/@EpicnessYT","https://yt3.ggpht.com/FGqKLXjHXRqO1_EqsHy9_zXdoAm_A7sXLiFy3beVumIO1Z33XjtH4rDlnQGgM2CZFe_J5qOM=s68-c-k-c0x00ffffff-no-rj"
"Official Launch Special Program | New Content & Rewards Revealed!","https://www.youtube.com/watch?v=zl1Kt4t7TNQ&pp=ygUJaGVhcnRvcGlh","26.57","2.5万次观看","9天前","https://www.youtube.com/@Heartopia-official","https://yt3.ggpht.com/3GBH23oPFmFLP0J1tW78KkKQSZfb2irw4IxjKC5YjPw6NUI_x81xbxLvvkhY53wBYtM9km1T=s68-c-k-c0x00ffffff-no-rj"
"Heartopia Global Launch Official PV - Chapter 1","https://www.youtube.com/watch?v=iES5PPVSF7A&pp=ygUJaGVhcnRvcGlh","1.05","22万次观看","11天前","https://www.youtube.com/@Heartopia-official","https://yt3.ggpht.com/3GBH23oPFmFLP0J1tW78KkKQSZfb2irw4IxjKC5YjPw6NUI_x81xbxLvvkhY53wBYtM9km1T=s68-c-k-c0x00ffffff-no-rj"
"Heartopia Beta First Impressions - Animal Crossing Meets Mobile Gaming","https://www.youtube.com/watch?v=dwL5G9u-WXM&pp=ygUJaGVhcnRvcGlh","11.48","2464次观看","2个月前","https://www.youtube.com/@GameHaunt","https://yt3.ggpht.com/ytc/AIdro_loeGBECTFNowMexeeKKh-YIzOFJK7yM9TLMpZo4DNWzio=s68-c-k-c0x00ffffff-no-rj"
"FIRST LOOK At Heartopia - Relaxing Longplay – Beautiful Cozy Life Sim(No Commentary)","https://www.youtube.com/watch?v=XJA1pUJBik4&pp=ygUJaGVhcnRvcGlh","2.29:29","5927次观看","2个月前","https://www.youtube.com/@AJayyP","https://yt3.ggpht.com/8ygnnAN84CiH0I4a_H8VX0ezEShjfyWaPC9WFflWk0r-pyWKKM6iivQ5vcpWuStVq56kJR4wNg=s68-c-k-c0x00ffffff-no-rj"
"This NEW Cozy Life Sim Is FREE To Play Right Now — Heartopia Gameplay News!","https://www.youtube.com/watch?v=WZLeieeOXI4&pp=ygUJaGVhcnRvcGlh0gcJCU0KAYcqIYzv","13.00","3.3万次观看","2个月前","https://www.youtube.com/@fantayzia","https://yt3.ggpht.com/39d1-Jb-sK1Ory4aP0BuDhiAGv18teBgsQ-Mh2T4NOYSsbMHTizv-Gl54chIr-BQ14LRhsBc=s68-c-k-c0x00ffffff-no-rj"
"This Life Sims Pet Care System Is TOP TIER! Heartopia Animal Gameplay","https://www.youtube.com/watch?v=DhPHabDNICI&pp=ygUJaGVhcnRvcGlh","27.57","9271次观看","1个月前","https://www.youtube.com/@fantayzia","https://yt3.ggpht.com/39d1-Jb-sK1Ory4aP0BuDhiAGv18teBgsQ-Mh2T4NOYSsbMHTizv-Gl54chIr-BQ14LRhsBc=s68-c-k-c0x00ffffff-no-rj"
"Heartopia: The Coziest Game Ever Made","https://www.youtube.com/watch?v=voorNCSeHGk&pp=ygUJaGVhcnRvcGlh","39.14","8681次观看","2个月前","https://www.youtube.com/@fantayzia","https://yt3.ggpht.com/39d1-Jb-sK1Ory4aP0BuDhiAGv18teBgsQ-Mh2T4NOYSsbMHTizv-Gl54chIr-BQ14LRhsBc=s68-c-k-c0x00ffffff-no-rj"
"This NEW Life Sim Game Is So Much BETTER Than I Expected! Heartopia Gameplay & First Impressions","https://www.youtube.com/watch?v=vRpp3WkUS14&pp=ygUJaGVhcnRvcGlh0gcJCU0KAYcqIYzv","41.04","1.4万次观看","2个月前","https://www.youtube.com/@fantayzia","https://yt3.ggpht.com/39d1-Jb-sK1Ory4aP0BuDhiAGv18teBgsQ-Mh2T4NOYSsbMHTizv-Gl54chIr-BQ14LRhsBc=s68-c-k-c0x00ffffff-no-rj"
"This Multiplayer Life Sim is PROMISING! - Heartopia Beta Gameplay","https://www.youtube.com/watch?v=7GfCBp_2k8E&pp=ygUJaGVhcnRvcGlh","1.13:06","3.7万次观看","2个月前","https://www.youtube.com/@emmalution","https://yt3.ggpht.com/Y-FPLllH71ECyRtO1bIn_1to59KLAPVeUdoYguTsNrCqnuuC1NVGNo4M_h3OPfDPGBc0MBlVSg=s68-c-k-c0x00ffffff-no-rj"
"Heartopia - New quests and adopting pets! (Part 9)","https://www.youtube.com/watch?v=erPe4DC36wE&pp=ygUJaGVhcnRvcGlh","3.07:35","939次观看","1天前","https://www.youtube.com/@CrystalDreams","https://yt3.ggpht.com/Alj_0tpIlB-BxE8uL8UgcXeHdq9AnGCy9W4FJqs32W5TtuT_nN_oW5WHJ7zcywMlM9GbPhNRiQ=s68-c-k-c0x00ffffff-no-rj"
"Heartopia Currency Guide! 🩷 Every Coin Explained & How to Get Them!","https://www.youtube.com/watch?v=530WWC1P_Qg&pp=ygUJaGVhcnRvcGlh","9.41","3793次观看","2天前","https://www.youtube.com/@emiiaryy","https://yt3.ggpht.com/uS4WwS5qwraTQxuGS1QHD8IYLDMNUEc4T5hVVUzTc8MQIqsx01cJBV2NkeVLeLw-6VHknsWdeQ=s68-c-k-c0x00ffffff-no-rj"
"Building My DREAM HOME In Heartopia! Cozy Relaxing Building","https://www.youtube.com/watch?v=r5aPulcc6Oc&pp=ygUJaGVhcnRvcGlh","31.31","6.4万次观看","4周前","https://www.youtube.com/@fantayzia","https://yt3.ggpht.com/39d1-Jb-sK1Ory4aP0BuDhiAGv18teBgsQ-Mh2T4NOYSsbMHTizv-Gl54chIr-BQ14LRhsBc=s68-c-k-c0x00ffffff-no-rj"
"My DAILY ROUTINE In The Coziest Life Sim Heartopia","https://www.youtube.com/watch?v=5ICtzHwymIQ&pp=ygUJaGVhcnRvcGlh","15.07","8.9万次观看","3周前","https://www.youtube.com/@fantayzia","https://yt3.ggpht.com/39d1-Jb-sK1Ory4aP0BuDhiAGv18teBgsQ-Mh2T4NOYSsbMHTizv-Gl54chIr-BQ14LRhsBc=s68-c-k-c0x00ffffff-no-rj"
"Heartopia Is The Most Addicting Cozy Life Sim — Gardening, Fishing, Decorating","https://www.youtube.com/watch?v=Fkfvkbd5k_Q&pp=ygUJaGVhcnRvcGlh","27.13","6532次观看","2个月前","https://www.youtube.com/@fantayzia","https://yt3.ggpht.com/39d1-Jb-sK1Ory4aP0BuDhiAGv18teBgsQ-Mh2T4NOYSsbMHTizv-Gl54chIr-BQ14LRhsBc=s68-c-k-c0x00ffffff-no-rj"
"Heartopia - Official Gameplay Trailer","https://www.youtube.com/watch?v=L-i8l4VJ2y8&pp=ygUJaGVhcnRvcGlh0gcJCU0KAYcqIYzv","7.52","3.6万次观看","3个月前","https://www.youtube.com/@IGN","https://yt3.ggpht.com/0r31CrZzRiYSl-_Zpg14rDNp0lSkHJnKKS7Jmj6sPZtUOFRpulRg1zqO-VYmRDNUSxBEgAeUzw=s68-c-k-c0x00ffffff-no-rj"
"Heartopia 15 Pink Bubble Locations | Toilet, Furniture & Wishing Star","https://www.youtube.com/watch?v=pI-7RmSBrCc&pp=ygUJaGVhcnRvcGlh0gcJCU0KAYcqIYzv","10.56","2733次观看","1天前","https://www.youtube.com/@JoeHarsa","https://yt3.ggpht.com/5plT5_8C1SedTlQ2wiUKZbpjnuYMhTCGTXDSAZUE0Vm2WpsjTjFoGmODKWogdn1KMR1Vy6uyKg=s68-c-k-c0x00ffffff-no-rj"
"Heartopia (GLOBAL/EN) Gameplay Android IOS - Official Launch.","https://www.youtube.com/watch?v=X5cl34m96Ws&pp=ygUJaGVhcnRvcGlh","20.02","255次观看","6天前","https://www.youtube.com/@fyxofficial","https://yt3.ggpht.com/RCtNAWM2Xjc4MQCMIl51j7jPIlww8h-9_EWCqrS_wqagmsPXSMvUDW02qKdEbSObvB9R1sg-WA=s68-c-k-c0x00ffffff-no-rj"
"MAKE GOLD FAST IN HEARTOPIA! A BEGINNERS GUIDE!","https://www.youtube.com/watch?v=opdti6KVzzM&pp=ygUJaGVhcnRvcGlh","23.11","2108次观看","20小时前","https://www.youtube.com/@tanniegames","https://yt3.ggpht.com/BY1xVglHKUIkjTHCYcReOMcsSfmcD5_PzN1y_5SJ_-qE1ahWFv-bSntHAzcJB4A-ILoC9XhXeg=s68-c-k-c0x00ffffff-no-rj"
"Heartopia -  Gameplay Walkthrough #1","https://www.youtube.com/watch?v=oVFPv_InA_Q&pp=ygUJaGVhcnRvcGlh","26.45","9725次观看","2个月前","https://www.youtube.com/@CeloZagaParty","https://yt3.ggpht.com/8HGdAhSc2IUS57yZ1M1gKBk7uVBN3Szj3GvoVtvdTAws0jZ6YR6Z51FOlujDkea43t4QEVzg=s68-c-k-c0x00ffffff-no-rj"
"EASY Heartopia Guide | Tips & Tricks","https://www.youtube.com/watch?v=lFSWS1ZvpkM&pp=ygUJaGVhcnRvcGlh","4.36","402次观看","14小时前","https://www.youtube.com/@kofiez","https://yt3.ggpht.com/L93fr2ziNtfMIPyr7QSYCry9MEAXQE-tRQKpmwuQ8Gv95CiTO4vttz6xESYSICkdCx3SbSAB6g=s68-c-k-c0x00ffffff-no-rj"
"Heartopia - Final Test Gameplay (Android/iOS)","https://www.youtube.com/watch?v=_atX9mVQzgk&pp=ygUJaGVhcnRvcGlh","22.11","6955次观看","1个月前","https://www.youtube.com/@GamingMobileGM","https://yt3.ggpht.com/ytc/AIdro_l3hp7_BVmJIr8Fvdpp_M5GIefkzyzoK8VNySvn_hubiO0=s68-c-k-c0x00ffffff-no-rj"
"YOU NEED TO KNOW THIS IN HEARTOPIA!!","https://www.youtube.com/watch?v=acok9E5MCww&pp=ygUJaGVhcnRvcGlh","19.13","4484次观看","1个月前","https://www.youtube.com/@tanniegames","https://yt3.ggpht.com/BY1xVglHKUIkjTHCYcReOMcsSfmcD5_PzN1y_5SJ_-qE1ahWFv-bSntHAzcJB4A-ILoC9XhXeg=s68-c-k-c0x00ffffff-no-rj"
"Heartopia Neighborhood Apartment Buildings and Cafe Speedbuild (early access beta test) #heartopia","https://www.youtube.com/watch?v=NR56DCS3AUE&pp=ygUJaGVhcnRvcGlh","20.12","1737次观看","1个月前","https://www.youtube.com/@yarrowTV","https://yt3.ggpht.com/MgOrGCM4PQHpkYa_LVEh_FxRXArMkRV4o_R0wj64N6YZe4LVckcQdJJzXaA6Eq0NDbpLsp6AK38=s68-c-k-c0x00ffffff-no-rj"
"Heartopia (farming/life sim) - Part 1. No Commentary Gameplay.","https://www.youtube.com/watch?v=X8iovXF7B7o&pp=ygUJaGVhcnRvcGlh0gcJCU0KAYcqIYzv","1.59:34","273次观看","3周前","https://www.youtube.com/@HausOfZombies","https://yt3.ggpht.com/q6lwif_Qnb-Sdf1ICQQfYLYUHGuOCqg10_bvXnjAfhT2LuefbLgzBcrfpsSyVpfGTHjZMcMvlZk=s68-c-k-c0x00ffffff-no-rj"
"The Cutest NEW Cozy Life Sim You NEED to Play! | Heartopia Closed Beta First Impressions","https://www.youtube.com/watch?v=cmEWjJaGTkc&pp=ygUJaGVhcnRvcGlh","41.30","1320次观看","2个月前","https://www.youtube.com/@EroseSays","https://yt3.ggpht.com/ytc/AIdro_kZKiUxIqJ2STd_ltDB7Hl2nM8onnu7ddNi0peS8xMjWdc=s68-c-k-c0x00ffffff-no-rj"
"The CUTEST NEW cozy life sim game?? - Heartopia Gameplay - Closed beta test","https://www.youtube.com/watch?v=lPaWl10QBhQ&pp=ygUJaGVhcnRvcGlh","48.09","665次观看","2个月前","https://www.youtube.com/@StarrGalaxie","https://yt3.ggpht.com/W1v0hJlYVumjJDtBf_Zf307K38YqsItatyYHw5DG9AJ_QslXbJNB6ud3CdMo-QCBkAOkPLUMxw=s68-c-k-c0x00ffffff-no-rj"
"Heartopia Global Launch Official PV - Chapter 2","https://www.youtube.com/watch?v=UK1enNo3mFo&list=RDUK1enNo3mFo&start_radio=1&pp=ygUJaGVhcnRvcGlhoAcB","1.03","30万次观看","7天前","https://www.youtube.com/@Heartopia-official","https://yt3.ggpht.com/3GBH23oPFmFLP0J1tW78KkKQSZfb2irw4IxjKC5YjPw6NUI_x81xbxLvvkhY53wBYtM9km1T=s68-c-k-c0x00ffffff-no-rj"
"Heartopia  - Two-Story Villa with a Shop | Stop Motion Build Showcase","https://www.youtube.com/watch?v=cYZElGu0tRU&pp=ygUJaGVhcnRvcGlh","6.43","2971次观看","3个月前","https://www.youtube.com/@noblegames1927","https://yt3.ggpht.com/ytc/AIdro_lBXUla1_rmFvzju1SI5Hbbgl-bqj7vZYyQO1ZGS3E6vA=s68-c-k-c0x00ffffff-no-rj"
"Heartopia - Official Closed Beta Test Announcement Trailer","https://www.youtube.com/watch?v=6J8-LRcId-A&pp=ygUJaGVhcnRvcGlh","1.52","7128次观看","2个月前","https://www.youtube.com/@GameTrailers","https://yt3.ggpht.com/ytc/AIdro_mACNHzO2hXRkyYsbaZtmgKOxnHfIdnHSg3D_aWRK3mcoAU=s68-c-k-c0x00ffffff-no-rj"
"Playing HEARTOPIA for the first time! Is it good?","https://www.youtube.com/watch?v=drFgPN8Xd_E&pp=ygUJaGVhcnRvcGlh","3.23:41","6043次观看","直播时间：4天前","https://www.youtube.com/@Fleurs_","https://yt3.ggpht.com/Q1DW8EgP5ILdzXf5fzp3WTMGjPo9SytUrYAHR7GqEPFsvYAs9caZ8_HfoZBdT43jqCBo5x1a=s68-c-k-c0x00ffffff-no-rj"
"Heartopia FREE Rewards!🩷 All Codes & Events You Need to Know! (Moonlight Crystals, Free Car & More!)","https://www.youtube.com/watch?v=rPpyOE8CQpA&pp=ygUJaGVhcnRvcGlh","12.26","2514次观看","1天前","https://www.youtube.com/@emiiaryy","https://yt3.ggpht.com/uS4WwS5qwraTQxuGS1QHD8IYLDMNUEc4T5hVVUzTc8MQIqsx01cJBV2NkeVLeLw-6VHknsWdeQ=s68-c-k-c0x00ffffff-no-rj"
"Get GOLD Fast! ⭐ Ultimate Heartopia Gold Guide for Beginners!","https://www.youtube.com/watch?v=sIqmqJ_wFn8&pp=ygUJaGVhcnRvcGlh","10.50","2866次观看","2天前","https://www.youtube.com/@emiiaryy","https://yt3.ggpht.com/uS4WwS5qwraTQxuGS1QHD8IYLDMNUEc4T5hVVUzTc8MQIqsx01cJBV2NkeVLeLw-6VHknsWdeQ=s68-c-k-c0x00ffffff-no-rj"
"Checking out Heartopia's Final Test!","https://www.youtube.com/watch?v=rgheTcOSCv0&pp=ygUJaGVhcnRvcGlh","3.14:29","295次观看","1个月前","https://www.youtube.com/@CrystalDreams","https://yt3.ggpht.com/Alj_0tpIlB-BxE8uL8UgcXeHdq9AnGCy9W4FJqs32W5TtuT_nN_oW5WHJ7zcywMlM9GbPhNRiQ=s68-c-k-c0x00ffffff-no-rj"
"Fine... I'll play Heartopia (new "cozy" life sim)","https://www.youtube.com/watch?v=w768mVfycJc&pp=ygUJaGVhcnRvcGlh","34.48","1.4万次观看","1天前","https://www.youtube.com/@SatchOnSims","https://yt3.ggpht.com/RaPtVDvZ0xvAokUB2Uk6pRIzST4vu5uSU_eBT2MQMrypk-osKCaWlJrAkII79rg4E_mcQn0nXQ=s68-c-k-c0x00ffffff-no-rj"
"NEW Cozy Life Sim Heartopia FINAL Beta Is Almost HERE… And This NEW Trailer Is CRAZY!","https://www.youtube.com/watch?v=-RT6YxXuF1s&pp=ygUJaGVhcnRvcGlh","10.31","8万次观看","1个月前","https://www.youtube.com/@fantayzia","https://yt3.ggpht.com/39d1-Jb-sK1Ory4aP0BuDhiAGv18teBgsQ-Mh2T4NOYSsbMHTizv-Gl54chIr-BQ14LRhsBc=s68-c-k-c0x00ffffff-no-rj"
"Heartopia New Cozy Life Sim Final Beta Test is HERE!! #heartopia #heartopiagame","https://www.youtube.com/watch?v=5qfTVRfDkcI&pp=ygUJaGVhcnRvcGlh","3.21:43","590次观看","直播时间：1个月前","https://www.youtube.com/@Spacegracegaming","https://yt3.ggpht.com/Qdu-8HtBYMw5sse8S4DvilOJyp4px-8Z_upq2emWRU2Qx7N1fg1bQ82IwUxpqX4ecjl5ky-cYfk=s68-c-k-c0x00ffffff-no-rj"
"This Cozy Life Sim Has The CUTEST Fashion and It's FREE! Heartopia","https://www.youtube.com/watch?v=VehFlGo9W1s&pp=ygUJaGVhcnRvcGlh0gcJCU0KAYcqIYzv","38.17","4843次观看","1个月前","https://www.youtube.com/@fantayzia","https://yt3.ggpht.com/39d1-Jb-sK1Ory4aP0BuDhiAGv18teBgsQ-Mh2T4NOYSsbMHTizv-Gl54chIr-BQ14LRhsBc=s68-c-k-c0x00ffffff-no-rj"
"Heartopia | Gameplay Pre-download Android iOS | Global Launch January 07","https://www.youtube.com/watch?v=3QboIh5FNfg&pp=ygUJaGVhcnRvcGlh","10.42","157次观看","6天前","https://www.youtube.com/@Arenergaming","https://yt3.ggpht.com/8jTH1m5M9G4FDuaRN_R8s5CbDVKzpbo65NF-jCp3xUaVIAW-WMmlKdAmmWCraMjsP_N1dF4066w=s68-c-k-c0x00ffffff-no-rj"
"Heartopia -  Gameplay Walkthrough #2","https://www.youtube.com/watch?v=jIMdJleeQ3o&pp=ygUJaGVhcnRvcGlh","42.18","1447次观看","2个月前","https://www.youtube.com/@CeloZagaParty","https://yt3.ggpht.com/8HGdAhSc2IUS57yZ1M1gKBk7uVBN3Szj3GvoVtvdTAws0jZ6YR6Z51FOlujDkea43t4QEVzg=s68-c-k-c0x00ffffff-no-rj"
"Testing gacha mechanics in Heartopia | Pulling for Polar Hymn Conductor","https://www.youtube.com/watch?v=NNG1L64sopw&pp=ygUJaGVhcnRvcGlh","6.22","1353次观看","2周前","https://www.youtube.com/@salgyora","https://yt3.ggpht.com/lDZrKP5LXaulINSsoAvdJ79h_Yoz0fUNzWtmQ0sHGbEGe3o7tH1_brI2Zdvskw1y5qdNIB-fqg=s68-c-k-c0x00ffffff-no-rj"
"35+ NEW Cozy Games releasing this JANUARY! (Switch, PC and Consoles)","https://www.youtube.com/watch?v=MYwjJT_6uFc&pp=ygUJaGVhcnRvcGlh","28.20","1.9万次观看","11天前","https://www.youtube.com/@Fleurs_","https://yt3.ggpht.com/Q1DW8EgP5ILdzXf5fzp3WTMGjPo9SytUrYAHR7GqEPFsvYAs9caZ8_HfoZBdT43jqCBo5x1a=s68-c-k-c0x00ffffff-no-rj"
"Heartopia - My First Clothing Design #heartopia","https://www.youtube.com/watch?v=vMPa3uXebq0&pp=ygUJaGVhcnRvcGlh","1.03","227次观看","3周前","https://www.youtube.com/@neeekoshin","https://yt3.ggpht.com/xA4Z6kJlFOCoftjWnGTYxiNdNb33Fb13dcIDQpaRwjjfwI8V9ojQcYCkPoNzTlonNiFgbgx2=s68-c-k-c0x00ffffff-no-rj"
"Trigger Crossbreeding Quest , #heartopia #myanglish","https://www.youtube.com/watch?v=1VyAavR_CEc&pp=ygUJaGVhcnRvcGlh","3.05","1724次观看","1个月前","https://www.youtube.com/@myanglish","https://yt3.ggpht.com/SfAQ4jIhAa_l7EM8zONDxZ0jvXUngcIuuBrepAZMnWidHy0Pim9um_gGE719WqYJvd4sI2M6Pg=s68-c-k-c0x00ffffff-no-rj"
"❤️Playing Heartopia for the First Time!🩷 *first reaction* (16+ game)","https://www.youtube.com/watch?v=45lcH4aJTpw&pp=ygUJaGVhcnRvcGlh0gcJCU0KAYcqIYzv","1.50:02","594次观看","直播时间：4周前","https://www.youtube.com/@swordslayz","https://yt3.ggpht.com/lSfHG_GknNnuNmj_uJUI9cqXepvImHN3ZWRZcE3KQb7PLbm-gUBoopMjXYLJUGdTD0w1e7OGug=s68-c-k-c0x00ffffff-no-rj"
"Heartopia House Tour! | Before the game deletes 🥲 Goodbye my house","https://www.youtube.com/watch?v=-XjYah0UGlA&pp=ygUJaGVhcnRvcGlh","8.49","2292次观看","1个月前","https://www.youtube.com/@SleeplessToaster","https://yt3.ggpht.com/ZuIBWoc6Bs6F9sa-yR1hosDYxSl_MkYSB1CMiHa38F8UWJ6SgSzIA_YZ-zwjGkbqZiCp-MLVbw=s68-c-k-c0x00ffffff-no-rj"
"6+ hours of Heartopia Cozy Game Early Access Closed Beta Test - November 2025 #heartopia","https://www.youtube.com/watch?v=2WD9AyA8pSE&pp=ygUJaGVhcnRvcGlh","6.51:33","1075次观看","2个月前","https://www.youtube.com/@yarrowTV","https://yt3.ggpht.com/MgOrGCM4PQHpkYa_LVEh_FxRXArMkRV4o_R0wj64N6YZe4LVckcQdJJzXaA6Eq0NDbpLsp6AK38=s68-c-k-c0x00ffffff-no-rj"
"10 Things You MUST Do Every Day in Heartopia","https://www.youtube.com/watch?v=rBEhFC3LPM4&pp=ygUJaGVhcnRvcGlh","10.18","4918次观看","2天前","https://www.youtube.com/@PlanetMooooonstar","https://yt3.ggpht.com/HODWFHzEr9P8OEf7dOzgj-M_hQPlpAKu3t1ATDV_XkvqAJgHnnb4b5GTB-tkprlQb-ZegNK54Q8=s68-c-k-c0x00ffffff-no-rj"
"Adopting My First Pet in Heartopia! 🐾","https://www.youtube.com/watch?v=3Gd7mI5ppZg&pp=ygUJaGVhcnRvcGlh","7.00","340次观看","1天前","https://www.youtube.com/@gabhans","https://yt3.ggpht.com/_LDblZiIK0eebb2NpsrzeQFRTiFGDBrMSi8Ko2NBSqGUf0Ci0vLePAaYWAydyBqJyI6JvIlqIKo=s68-c-k-c0x00ffffff-no-rj"
"Heartopia - Gameplay Walkthrough (PC, Android, iOS)","https://www.youtube.com/watch?v=nkWnbtybPtk&pp=ygUJaGVhcnRvcGlh","22.44","1万次观看","2个月前","https://www.youtube.com/@CeloZaga","https://yt3.ggpht.com/5Ismj8pFRqhI99WxaK-Xc8p083J-k_edQ5QiCDCklSTxYV1DpgYK91JkZ_AWkvMwcis3tAPeaV4=s68-c-k-c0x00ffffff-no-rj"
"everything you need to know about heartopia 💕💫","https://www.youtube.com/watch?v=-TLs9XN2Ml4&pp=ygUJaGVhcnRvcGlh","34.30","2131次观看","1个月前","https://www.youtube.com/@beansiebug","https://yt3.ggpht.com/DRz0M3JNmvL1mqwFmuKruVjlaKWGiQWM3Avvq2dyQkFbF8M4_A-kWFohguzd5fPFQZXyOjs=s68-c-k-c0x00ffffff-no-rj"
"Heartopia - Gameplay Walkthrough (Global Beta Test)","https://www.youtube.com/watch?v=uDLusOSyIgQ&pp=ygUJaGVhcnRvcGlh","59.46","664次观看","2个月前","https://www.youtube.com/@CeloZaga","https://yt3.ggpht.com/5Ismj8pFRqhI99WxaK-Xc8p083J-k_edQ5QiCDCklSTxYV1DpgYK91JkZ_AWkvMwcis3tAPeaV4=s68-c-k-c0x00ffffff-no-rj"
"A Thousand Years | Heartopia Piano","https://www.youtube.com/watch?v=2paZePTYqcU&list=RD2paZePTYqcU&start_radio=1&pp=ygUJaGVhcnRvcGlhoAcB","4.40","1万次观看","2天前","https://www.youtube.com/@dad_piano","https://yt3.ggpht.com/Qoa8DpqgPTi-qKrOBSMBek9SIPKhK9Qxod2uC24IBuS-1UxO0fHLcE3RFci5LgNzlcKambwm2A=s68-c-k-c0x00ffffff-no-rj"
"Writing and Publishing a Book in Heartopia early access #heartopia  #heartopiafinaltest","https://www.youtube.com/watch?v=kflx2Vfw3CA&pp=ygUJaGVhcnRvcGlh","1.20","248次观看","3周前","https://www.youtube.com/@yarrowTV","https://yt3.ggpht.com/MgOrGCM4PQHpkYa_LVEh_FxRXArMkRV4o_R0wj64N6YZe4LVckcQdJJzXaA6Eq0NDbpLsp6AK38=s68-c-k-c0x00ffffff-no-rj"
"Unofficial Heartopia Guide!","https://www.youtube.com/watch?v=5rSAECYROgw&pp=ygUJaGVhcnRvcGlh","4.25","1万次观看","2个月前","https://www.youtube.com/@BrendasCreativeCove","https://yt3.ggpht.com/5j7KbGTZkdLMMQqZzuthm7wsTl7T9JGVH9txSrOca0KQWmeEJLLRAQ1Ci-35D40HRt0519XfUg=s68-c-k-c0x00ffffff-no-rj"
"Heartopia | My Review On The First Closed Beta 💕","https://www.youtube.com/watch?v=mNJnYghX80I&pp=ygUJaGVhcnRvcGlh","10.35","461次观看","1个月前","https://www.youtube.com/@notoriousbvrbie","https://yt3.ggpht.com/nsWtES7Rlm_JAVazy9_3N1SCK_zOI-7amPREAWAqBZeWx9ZnzkrVsd3i56muyrff8MOA_vHi0g=s68-c-k-c0x00ffffff-no-rj"
"Can We Afford the Party? 💰 Heartopia with Aerys & Rivia 🐶","https://www.youtube.com/watch?v=nQAszrdPv00&pp=ygUJaGVhcnRvcGlh","17.21","1744次观看","1个月前","https://www.youtube.com/@AerysandRivia","https://yt3.ggpht.com/FGjTa2wHOxtmQj429rrKNQp_gkRV3JVhwQ5RJIi8nzBlkiDwv9GTB2x518qVeLvTkiVb1KOMTw=s68-c-k-c0x00ffffff-no-rj"
"Is Heartopia Worth Playing? My Honest First Impressions","https://www.youtube.com/watch?v=BZVGb3TyCiw&pp=ygUJaGVhcnRvcGlh","12.21","1695次观看","1天前","https://www.youtube.com/@AlphaGalaxyy","https://yt3.ggpht.com/mnLiWvwN_EUKzZ8eJLoQOTn99g-qRsVMwKwzt-MIxrYcbExo5nbpFaVyynHqA5LamKA1RxNSoA=s68-c-k-c0x00ffffff-no-rj"
"Birdwatching - Heartopia - 4","https://www.youtube.com/watch?v=XVTn7L0SVec&pp=ygUJaGVhcnRvcGlh","34.49","887次观看","2天前","https://www.youtube.com/@nafaniq","https://yt3.ggpht.com/pshT558xsMnAgOI3jtkR1r1dbLnLpRW-rQ-S-VirtAC-4r1Fpmd4UASnK2yohnwsc4Sf6DDr=s68-c-k-c0x00ffffff-no-rj"
"WE GOT PETS!  🌸Rocket's Heartopia ❤️","https://www.youtube.com/watch?v=PzyS361ze6o&pp=ygUJaGVhcnRvcGlh","17.21","8171次观看","2个月前","https://www.youtube.com/@Rocketstripes","https://yt3.ggpht.com/ytc/AIdro_lK-BWGxohzI4ETpxrUM6zaAK8kHvRraJPPTROQTvmWIkI=s68-c-k-c0x00ffffff-no-rj"
"Heartopia, renovating my house","https://www.youtube.com/watch?v=ovtswl5wVTE&pp=ygUJaGVhcnRvcGlh0gcJCU0KAYcqIYzv","18.54","615次观看","2个月前","https://www.youtube.com/@thealleycat8312","https://yt3.ggpht.com/ytc/AIdro_ls_gvO7bEf0hNsOt4_9xI0irbMeX8o1TrvDtBmngFv97ZI=s68-c-k-c0x00ffffff-no-rj"
"Petit Planet and Heartopia ❤️ 2 New Life Sims!","https://www.youtube.com/watch?v=u8w-NbbHeDs&pp=ygUJaGVhcnRvcGlh","2.45:32","399次观看","直播时间：2个月前","https://www.youtube.com/@naoetry","https://yt3.ggpht.com/ha1XiD4FjqFfaMWwdFzKiNIABtwI2gRgK2g-7QPEpuh3CHtOswmtIZNX90H1lyyOBNCPM-wogfQ=s68-c-k-c0x00ffffff-no-rj"
"👉 Heartopia Animal Trough Locations Guide 💗 | All Wild Animals","https://www.youtube.com/watch?v=6lWJVl8E0lo&pp=ygUJaGVhcnRvcGlh","8.32","1.2万次观看","3天前","https://www.youtube.com/@EroseSays","https://yt3.ggpht.com/ytc/AIdro_kZKiUxIqJ2STd_ltDB7Hl2nM8onnu7ddNi0peS8xMjWdc=s68-c-k-c0x00ffffff-no-rj"
"Learning How To Garden! 🪴| Heartopia","https://www.youtube.com/watch?v=StoLnFTua_4&pp=ygUJaGVhcnRvcGlh","23.10","1642次观看","11天前","https://www.youtube.com/@halleycozytine","https://yt3.ggpht.com/ZtcJDavlbtep7vSWHNJfhVOXVbDKR6OI7l9O3DP-Cb4sbAh4A5i2hvST6yvXS9l2vWSteBN9VQ=s68-c-k-c0x00ffffff-no-rj"
"Heartopia - Gameplay Walkthrough Part 1 - Tutorial (Android, iOS)","https://www.youtube.com/watch?v=kDBFQ6QRLcI&pp=ygUJaGVhcnRvcGlh","20.53","1380次观看","4周前","https://www.youtube.com/@Nevaran","https://yt3.ggpht.com/A1QjF0AqhhOZ_B9XSyf4oOrSkWSzD74EPs6aA8stPUiKA0qa4GsW2_3A25sP22A0PMMfHObXD58=s68-c-k-c0x00ffffff-no-rj"
"FIRST STREAM OF THE YEAR - HEARTOPIA REACT AND TESTING THINGS","https://www.youtube.com/watch?v=MqtYXZK_sxw&pp=ygUJaGVhcnRvcGlh","45.23","343次观看","直播时间：9天前","https://www.youtube.com/@tanniegames","https://yt3.ggpht.com/BY1xVglHKUIkjTHCYcReOMcsSfmcD5_PzN1y_5SJ_-qE1ahWFv-bSntHAzcJB4A-ILoC9XhXeg=s68-c-k-c0x00ffffff-no-rj"
"What's this New Cozy Game About?【Heartopia】","https://www.youtube.com/watch?v=ccPBQLyXZ-M&pp=ygUJaGVhcnRvcGlh0gcJCU0KAYcqIYzv","3.04:42","89次观看","直播时间：7小时前","https://www.youtube.com/@CozyVT","https://yt3.ggpht.com/AOLI2SYLX5AbjP_hZAyEECCxkDxFj3OBJJ8oAtWu4l4m1Aw7F6fhC1Uu-WbqDreoqW8v27LleB4=s68-c-k-c0x00ffffff-no-rj"
"Heartopia How To Get More Hobbies - Simple Guide","https://www.youtube.com/watch?v=vHGs8qHaFFs&pp=ygUJaGVhcnRvcGlh0gcJCU0KAYcqIYzv","0.56","1220次观看","2天前","https://www.youtube.com/@PepperHomie","https://yt3.ggpht.com/ytc/AIdro_mBPabJZPUdAYkwu2bHz-65NpW7y7c5cGggeA5z5JTorw=s68-c-k-c0x00ffffff-no-rj"
"HEARTOPIA - BEST MODERN HOUSE BUILD EVER FOUND - GAMEPLAY PART 06 [ PC HD 60FPS ]","https://www.youtube.com/watch?v=Khw5djdlErU&pp=ygUJaGVhcnRvcGlh","5.38","4744次观看","3周前","https://www.youtube.com/@EpicnessYT","https://yt3.ggpht.com/FGqKLXjHXRqO1_EqsHy9_zXdoAm_A7sXLiFy3beVumIO1Z33XjtH4rDlnQGgM2CZFe_J5qOM=s68-c-k-c0x00ffffff-no-rj"
"Heartopia Final test gameplay (8)","https://www.youtube.com/watch?v=LaQLtxuKiWI&pp=ygUJaGVhcnRvcGlh","1.53:56","348次观看","3周前","https://www.youtube.com/@neenaniya","https://yt3.ggpht.com/9lG7YgnNY9V52J6u7obBOvs3oV8TAH5aLWh3TUzisQlZOgoA6CPIW9heC8bbztyStM0br6BHKA=s68-c-k-c0x00ffffff-no-rj"
"Heartopia - How to Farm Gold easy (Early Game)","https://www.youtube.com/watch?v=4PtnyXfm6pc&pp=ygUJaGVhcnRvcGlh","5.42","7622次观看","1个月前","https://www.youtube.com/@ridernagamer","https://yt3.ggpht.com/TDJQnGHXbBWDVvdnkb7EoBG3CIobLBwpiIXEe-zVGSTebR0LJejaprbNZ_VMB0jEIMv77JJawA=s68-c-k-c0x00ffffff-no-rj"
"Blue (Yung Kai) | Heartopia Piano","https://www.youtube.com/watch?v=OhIfZM98ZTg&list=RDOhIfZM98ZTg&start_radio=1&pp=ygUJaGVhcnRvcGlhoAcB","3.30","787次观看","19小时前","https://www.youtube.com/@dad_piano","https://yt3.ggpht.com/Qoa8DpqgPTi-qKrOBSMBek9SIPKhK9Qxod2uC24IBuS-1UxO0fHLcE3RFci5LgNzlcKambwm2A=s68-c-k-c0x00ffffff-no-rj"
"Heartopia beginners: Things to know before playing │💛 Heartopia","https://www.youtube.com/watch?v=qS0EBoiLwkY&pp=ygUJaGVhcnRvcGlh","7.40","8627次观看","1天前","https://www.youtube.com/@rabpinks","https://yt3.ggpht.com/LLsopsYpKLES0_MZpTj8Fcx0rDPlHfEKDYuQR2C7K_vQg6Bbsm8U6LYyqFxZxqco-2VCflCXAw=s68-c-k-c0x00ffffff-no-rj"
"I Experienced PROM Night In Heartopia..","https://www.youtube.com/watch?v=SFzMGYggl6I&pp=ygUJaGVhcnRvcGlh","10.03","4.5万次观看","4天前","https://www.youtube.com/@HyperCookiie","https://yt3.ggpht.com/Zmztdv0XrI_3UPRxxSzSlnHmbx7I7SxAJGrADmAp8bhYtJ9yBU5B-y-Hu9LDOn-ydvmIEbe6B6U=s68-c-k-c0x00ffffff-no-rj"
"Heartopia: Let's Gather in Our Cozy Town!🏠 | Final Beta Starts Dec 10","https://www.youtube.com/watch?v=m9b9g-orc6o&pp=ygUJaGVhcnRvcGlh","1.25","35万次观看","1个月前","https://www.youtube.com/@Heartopia-official","https://yt3.ggpht.com/3GBH23oPFmFLP0J1tW78KkKQSZfb2irw4IxjKC5YjPw6NUI_x81xbxLvvkhY53wBYtM9km1T=s68-c-k-c0x00ffffff-no-rj"
"Heartopia Gameplay Walkthrough Part 1 (iOS, Android)","https://www.youtube.com/watch?v=EqGFdq0jdok&pp=ygUJaGVhcnRvcGlh","26.16","1.7万次观看","4天前","https://www.youtube.com/@Techzamazing","https://yt3.ggpht.com/ytc/AIdro_kgvcG5qmOpgHl6s9OMOTZ-1nK8L7vpjl355fr9RfsirR8=s68-c-k-c0x00ffffff-no-rj"
"Heartopia is Finally Here and I am Addicted 😭","https://www.youtube.com/watch?v=a_DCqOa8YuU&pp=ygUJaGVhcnRvcGlh","7.40","165次观看","4天前","https://www.youtube.com/@gabhans","https://yt3.ggpht.com/_LDblZiIK0eebb2NpsrzeQFRTiFGDBrMSi8Ko2NBSqGUf0Ci0vLePAaYWAydyBqJyI6JvIlqIKo=s68-c-k-c0x00ffffff-no-rj"
"HARI KE-5 AKHIRNYA PUNYA PET - Heartopia #6","https://www.youtube.com/watch?v=LLh83bMvFUA&pp=ygUJaGVhcnRvcGlh","7.14:37","2252次观看","直播时间：1天前","https://www.youtube.com/@Aquilastt","https://yt3.ggpht.com/j5fV9HIHVKTV21G1m-UJQ1hnVfzsYhmCUmiLMDiaYgnd7XiUxaulnKdXp57u2EjKcOByV9aQ=s68-c-k-c0x00ffffff-no-rj"
"First Look At The New Life Sim Heartopia - Is It Any Good?","https://www.youtube.com/watch?v=4ibyn-aXsPA&pp=ygUJaGVhcnRvcGlh","2.16:08","2457次观看","直播时间：1天前","https://www.youtube.com/@SharkyGamess","https://yt3.ggpht.com/G7ivhXO7SdO2yfPkKC3E03Ipw2odEux9L_NvA3SBPxB9qhHCjaWXLrEU6YxoU2Mu2XYzazvN=s68-c-k-c0x00ffffff-no-rj"
"Découverte de Heartopia","https://www.youtube.com/watch?v=UyORvNTQ3EE&pp=ygUJaGVhcnRvcGlh","2.59:04","331次观看","2个月前","https://www.youtube.com/@Athena2606Twitch","https://yt3.ggpht.com/Hu-T_1lksBAn5SJL_DIW-UzC41tUpSSRBLFjruxhro7-nRniwyYTQOMSQ5nUfF73WkMPfPveeQ=s68-c-k-c0x00ffffff-no-rj"
"When I built a villa for myself in Xinxin Town #heartopia #tgs2025","https://www.youtube.com/watch?v=9H6HaPKqvjw&list=RD9H6HaPKqvjw&start_radio=1&pp=ygUJaGVhcnRvcGlhoAcB","0.12","4514次观看","2个月前","https://www.youtube.com/@%E7%BE%8E%E4%B8%BD-x2x","https://yt3.ggpht.com/ytc/AIdro_lPzwNJIwW1k0s0Pq5m5acZMdMZ1WQ2bze8T2FvmSmc-8rjJdg=s68-c-k-c0x00ffffff-no-rj"
"➤ Heartopia : ce jeu GRATUIT est-il plutôt TOP ou FLOP ? || Gameplay FR & Avis","https://www.youtube.com/watch?v=hqFxfs1zbAU&pp=ygUJaGVhcnRvcGlh","28.45","1.7万次观看","2个月前","https://www.youtube.com/@FluffyLife","https://yt3.ggpht.com/mbIOTMA1rSFSGOIGofuxQa1fOmpv_jgmpyM6Bgt5aqUKKVO8-aSo3UXEwodloF2nNaiB-mgPFg=s68-c-k-c0x00ffffff-no-rj"
"Things I Wish I Knew Before Playing Heartopia (Beginner Tips)","https://www.youtube.com/watch?v=QesNZot8tYg&pp=ygUJaGVhcnRvcGlh","13.43","645次观看","18小时前","https://www.youtube.com/@AlphaGalaxyy","https://yt3.ggpht.com/mnLiWvwN_EUKzZ8eJLoQOTn99g-qRsVMwKwzt-MIxrYcbExo5nbpFaVyynHqA5LamKA1RxNSoA=s68-c-k-c0x00ffffff-no-rj"
"Heartopia How To Unlock Home Plots - Simple Guide","https://www.youtube.com/watch?v=ujT5EDGiQk4&pp=ygUJaGVhcnRvcGlh","0.44","8793次观看","3天前","https://www.youtube.com/@PepperHomie","https://yt3.ggpht.com/ytc/AIdro_mBPabJZPUdAYkwu2bHz-65NpW7y7c5cGggeA5z5JTorw=s68-c-k-c0x00ffffff-no-rj"
"Heartopia Just LAUNCHED and I'm Completely Hooked! New Cozy Life Sim","https://www.youtube.com/watch?v=7vPJR3D4DD8&pp=ygUJaGVhcnRvcGlh0gcJCU0KAYcqIYzv","55.16","1.6万次观看","4天前","https://www.youtube.com/@fantayzia","https://yt3.ggpht.com/39d1-Jb-sK1Ory4aP0BuDhiAGv18teBgsQ-Mh2T4NOYSsbMHTizv-Gl54chIr-BQ14LRhsBc=s68-c-k-c0x00ffffff-no-rj"
"Friday Night in Heartopia [Final Beta Test]","https://www.youtube.com/watch?v=sJuvw6y7T_Y&pp=ygUJaGVhcnRvcGlh","3.24:45","217次观看","直播时间：3周前","https://www.youtube.com/@BudumDi","https://yt3.ggpht.com/RBXdLYXUn3e-XFG-TKFDbxM9-MIZcy_fq5rC3FxC2qW7_ejxKBD7VRB3NIqbGIWa7B1bkeDQ=s68-c-k-c0x00ffffff-no-rj"
"Heartopia - Create Your Perfect Cozy House (iOS, Android)","https://www.youtube.com/watch?v=IE1BhlcYA0A&pp=ygUJaGVhcnRvcGlh","15.59","1.6万次观看","2个月前","https://www.youtube.com/@ChevRudy","https://yt3.ggpht.com/I8pdlOvSyhueWFMMPGKbXSRL_ykvXx8usI92NjLk7TmIYHiGZRA7QIuKjAq7_PMKhcETpwY6uZQ=s68-c-k-c0x00ffffff-no-rj"
"Closed Beta Is Back!| Heartopia December CBT First Look","https://www.youtube.com/watch?v=KPV1OqL_tig&pp=ygUJaGVhcnRvcGlh","21.40","170次观看","4周前","https://www.youtube.com/@irosyne_plays","https://yt3.ggpht.com/wck03LzhACELEXpBY5B4QNkX5YBTZVpXEq5QYkB1JeQ1hyXs67fcPqOiMgNg7PHtyErG3GNoZCA=s68-c-k-c0x00ffffff-no-rj"
"Heartopia might be my one my new FAVORITE cozy games ˚₊‧꒰ა ☆ ໒꒱ ‧₊˚","https://www.youtube.com/watch?v=nf68EVf_nTs&pp=ygUJaGVhcnRvcGlh","35.32","353次观看","1个月前","https://www.youtube.com/@idkrami","https://yt3.ggpht.com/O3PQGWbIpSY9kgluPTsAsBAWPI1ZSAGa1Fxd-1vlxl6jKdBnVdKl2PUzm-4nk-goNBQDTIUOjQ=s68-c-k-c0x00ffffff-no-rj"
"♡ Continuing Our Heartopia Journey! || Heartopia ♡","https://www.youtube.com/watch?v=nlWqAE3tg60&pp=ygUJaGVhcnRvcGlh","24.30","14次观看","1个月前","https://www.youtube.com/@PixelsNCreme","https://yt3.ggpht.com/7IrS_Mu87GILTeKwF4u3VCqX25G9Jo0TLW3FDSGfu7PwXoU2ZLH24fbc7xy8X6LjW3014wm2rg=s68-c-k-c0x00ffffff-no-rj"
"I CAUGHT AN OCTOPUS AND ANGLERFISH?! | Heartopia Ep. 1","https://www.youtube.com/watch?v=v6pxNoiSmBY&pp=ygUJaGVhcnRvcGlh","15.27","51次观看","3周前","https://www.youtube.com/@funwithfalliie","https://yt3.ggpht.com/CrwYPZhM0zI143YFuaMsEOVJzo4Tg7xK9lIZoFzzpLDEetHjlzHJnTv54bmJyd_XD3ADjGzbHkA=s68-c-k-c0x00ffffff-no-rj"
"Heartopia How To Add Friends (Play With Friends) - Simple Guide","https://www.youtube.com/watch?v=pZQpCCZUGGg&pp=ygUJaGVhcnRvcGlh","2.46","3664次观看","3天前","https://www.youtube.com/@PepperHomie","https://yt3.ggpht.com/ytc/AIdro_mBPabJZPUdAYkwu2bHz-65NpW7y7c5cGggeA5z5JTorw=s68-c-k-c0x00ffffff-no-rj"
"I built the Twilight Cullen House in Heartopia 🌕🖤🌲","https://www.youtube.com/watch?v=cKXG0ZHVCVk&pp=ygUJaGVhcnRvcGlh","9.09","3385次观看","1天前","https://www.youtube.com/@newhurizons","https://yt3.ggpht.com/2EWFylK0IZ3Ll6z80yfrEZBv9lPGgmNhvPBpg79QcootTvJBlBqnqmnBBbcAYQdHMC1-Uy5F-g=s68-c-k-c0x00ffffff-no-rj"
"Heartopia Might Be the Next Big Cozy Life Sim | Cozy Game News","https://www.youtube.com/watch?v=tHtd4R_Alco&pp=ygUJaGVhcnRvcGlh","20.32","9688次观看","2个月前","https://www.youtube.com/@fantayzia","https://yt3.ggpht.com/39d1-Jb-sK1Ory4aP0BuDhiAGv18teBgsQ-Mh2T4NOYSsbMHTizv-Gl54chIr-BQ14LRhsBc=s68-c-k-c0x00ffffff-no-rj"
"Heartopia - วิธีวิ่งเก็บเห็ดทุกชนิด เก็บครบลูปเก็บต่อได้ หนทางรวยของคนขยัน #heartopia","https://www.youtube.com/watch?v=o-ma5Tzzfl0&pp=ygUJaGVhcnRvcGlh0gcJCU0KAYcqIYzv","15.45","1176次观看","9小时前","https://www.youtube.com/@OffLine24hr","https://yt3.ggpht.com/CySjcCjWJ4f1injHWmrMf4vGqIm23i_QbtW5wciMZSG8-ysHEl-mS8TVr3Y7O2ze73QUocAs6g=s68-c-k-c0x00ffffff-no-rj"
"Heartopia-Warm Forest Wood Style Bedroom Tutorial Sharing#heartopia","https://www.youtube.com/watch?v=5YceEd8yhVE&pp=ygUJaGVhcnRvcGlh","1.42","5535次观看","1个月前","https://www.youtube.com/@huanghjy","https://yt3.ggpht.com/djR4Q4InxSESzpjDkNk1bcZLQcywDYZDx3fFiGp9rPchvaoGaWbI6PZPAcVRLQKrBN8uwiKZaQ=s68-c-k-c0x00ffffff-no-rj"
"50K hits on the first day? That's actually happened in Heartopia! ❤️","https://www.youtube.com/watch?v=NhX0bFzccRw&pp=ygUJaGVhcnRvcGlh","15.46","20万次观看","4周前","https://www.youtube.com/@Mheemee","https://yt3.ggpht.com/817iolmq0JLsHUJ274cuwcnGAD3JWoyz0hKPzoY4NtkxUd7riNi7F6gi5-628Rydt41jip3RA5w=s68-c-k-c0x00ffffff-no-rj"
"Heartopia Final test gameplay (1)","https://www.youtube.com/watch?v=lPbDl8B6Jlg&pp=ygUJaGVhcnRvcGlh","1.16:26","878次观看","4周前","https://www.youtube.com/@neenaniya","https://yt3.ggpht.com/9lG7YgnNY9V52J6u7obBOvs3oV8TAH5aLWh3TUzisQlZOgoA6CPIW9heC8bbztyStM0br6BHKA=s68-c-k-c0x00ffffff-no-rj"
"Challenge: Build a dessert-themed RV in 5 days | Heartopia","https://www.youtube.com/watch?v=IadKPnn3hmA&pp=ygUJaGVhcnRvcGlh","2.25","2.3万次观看","2个月前","https://www.youtube.com/@Heartopia-official","https://yt3.ggpht.com/3GBH23oPFmFLP0J1tW78KkKQSZfb2irw4IxjKC5YjPw6NUI_x81xbxLvvkhY53wBYtM9km1T=s68-c-k-c0x00ffffff-no-rj"
"【Heartopia】I STREAM?? I BUILD HOUSE???","https://www.youtube.com/watch?v=6bEPNf-jbrc&pp=ygUJaGVhcnRvcGlh","2.53:17","166次观看","直播时间：1个月前","https://www.youtube.com/@NyannahNyan","https://yt3.ggpht.com/w8gxw7KW_kjRXLxE7qJvQ7ClJXFfuzkNH0WHb0mNUNKh9a9ucRm-yuKRaVvqKDDRt2AYoBJxHzo=s68-c-k-c0x00ffffff-no-rj"
"I recreated a FAMOUS BUILDING in Heartopia! 🏛️😱","https://www.youtube.com/watch?v=GBtwCfMDwf0&pp=ygUJaGVhcnRvcGlh","13.30","3万次观看","4天前","https://www.youtube.com/@newhurizons","https://yt3.ggpht.com/2EWFylK0IZ3Ll6z80yfrEZBv9lPGgmNhvPBpg79QcootTvJBlBqnqmnBBbcAYQdHMC1-Uy5F-g=s68-c-k-c0x00ffffff-no-rj"
"Heartopia - Building a House! | Content Creation Event","https://www.youtube.com/watch?v=rPLqhn0Rjfs&pp=ygUJaGVhcnRvcGlh","2.07:45","2832次观看","1个月前","https://www.youtube.com/@WicknGibby","https://yt3.ggpht.com/wwotNbe81MCSQERqBEeEjuyKg-5YO6DdiUn1cyPXvc-lNbu7W-lnYb4e3dHQr5FaZmmnqRxj3v8=s68-c-k-c0x00ffffff-no-rj"
"10+ Things I Wish I Knew BEFORE Starting Heartopia (Don’t Make These Mistakes!)","https://www.youtube.com/watch?v=mLIuz1GeGmw&pp=ygUJaGVhcnRvcGlh","13.48","2202次观看","1天前","https://www.youtube.com/@PlanetMooooonstar","https://yt3.ggpht.com/HODWFHzEr9P8OEf7dOzgj-M_hQPlpAKu3t1ATDV_XkvqAJgHnnb4b5GTB-tkprlQb-ZegNK54Q8=s68-c-k-c0x00ffffff-no-rj"
"Un día tranquilo en HEARTOPIA 😌 (Simulación de vida cozy, construcción y mundo abierto)","https://www.youtube.com/watch?v=hKlDz_UlR-0&pp=ygUJaGVhcnRvcGlh","30.24","1.5万次观看","2个月前","https://www.youtube.com/@MprinYT","https://yt3.ggpht.com/DBinzJAP-92tOAP-FbSkJrGSmW7Rs2cHyntB4iRRHpp9FfRs7jUpfnRYw0tQqwjvnj9SUAa_=s68-c-k-c0x00ffffff-no-rj"
"HEARTOPIA - HOW TO FARMING, HOW TO UNLOCK PLOT - GAMEPLAY PART 03 [ PC HD 60FPS ]","https://www.youtube.com/watch?v=fTXH-qe1YQY&pp=ygUJaGVhcnRvcGlh","23.57","4754次观看","4周前","https://www.youtube.com/@EpicnessYT","https://yt3.ggpht.com/FGqKLXjHXRqO1_EqsHy9_zXdoAm_A7sXLiFy3beVumIO1Z33XjtH4rDlnQGgM2CZFe_J5qOM=s68-c-k-c0x00ffffff-no-rj"
"FIRST LOOK at HEARTOPIA...I'm Not Sure About This One 👀💕","https://www.youtube.com/watch?v=L-uz9xLrCMk&pp=ygUJaGVhcnRvcGlh","3.56:59","6952次观看","直播时间：4天前","https://www.youtube.com/@PaytonsCorner","https://yt3.ggpht.com/zJmXbXDkjEWE18681-yBhRrAhJK0c4QRWyQCcE-RSwWqtota0BpFklPE-HTK-ngzAnDTcIMq3w=s68-c-k-c0x00ffffff-no-rj"
"FIRST Look at HEARTOPIA ❤️ Slow Living Cozy Game ❤️ DECEMBER 2025","https://www.youtube.com/watch?v=CTQl6Mk_N9Y&pp=ygUJaGVhcnRvcGlh","1.22:21","81次观看","直播时间：3周前","https://www.youtube.com/@MaybeSarisa","https://yt3.ggpht.com/ytc/AIdro_lAQlnRnMWN7CHRogl7DoNojAbDc5IoDYsYx12GQ5Wsub4=s68-c-k-c0x00ffffff-no-rj"
"【Heartopia - 心动小镇】More Chilling grinding and doing quests","https://www.youtube.com/watch?v=rhZj5ajRck8&pp=ygUJaGVhcnRvcGlh0gcJCU0KAYcqIYzv","1.41:37","163次观看","直播时间：4个月前","https://www.youtube.com/@Aerinchilling","https://yt3.ggpht.com/qNNfHmdi4Zq3HrHBdQcTBOJWMUQWujX0hwJTPObmuSsdcUrtQWHcQZvqCUKEBq4DbSZKZGFFOqQ=s68-c-k-c0x00ffffff-no-rj"
"January 12, 2026 - Roaming Oak Tree & Flawless Fluorite Location! Heartopia","https://www.youtube.com/watch?v=Z7vg0IiiCRk&pp=ygUJaGVhcnRvcGlh","1.04","985次观看","1天前","https://www.youtube.com/@sugoiueo","https://yt3.ggpht.com/fw7BYl5JE53CGp9i6wmXZDKQmz3Vt3nXDiskKR6QqufGmS86ZluPs6GtBSNm6vs_D4sDyZWY=s68-c-k-c0x00ffffff-no-rj"
"Heartopia’s Limited Banner System EXPLAINED — Currencies & Exhibition Passes","https://www.youtube.com/watch?v=RzZI1m4JFQ8&t=40s&pp=ygUJaGVhcnRvcGlh","21.51","1.7万次观看","5天前","https://www.youtube.com/@Serrohverse","https://yt3.ggpht.com/AAbVem_S59ZfyoJOulsPfx76Cpe2YHebMegbnY-tAt99SWFTTKc2sCq-rrneeung3VgENwLJ=s68-c-k-c0x00ffffff-no-rj"
"Heartopia: All Bubble Recipe Furniture Locations Guide","https://www.youtube.com/watch?v=6lCQ3RdNjDk&pp=ygUJaGVhcnRvcGlh","7.20","5352次观看","3天前","https://www.youtube.com/@JoeHarsa","https://yt3.ggpht.com/5plT5_8C1SedTlQ2wiUKZbpjnuYMhTCGTXDSAZUE0Vm2WpsjTjFoGmODKWogdn1KMR1Vy6uyKg=s68-c-k-c0x00ffffff-no-rj"
"A NEW COZY GAME CALLED HEARTOPIA!","https://www.youtube.com/watch?v=a6BBBgYl9Nc&pp=ygUJaGVhcnRvcGlh","54.17","1.2万次观看","2个月前","https://www.youtube.com/@MissPeuli","https://yt3.ggpht.com/WOgwRoDCt9WX6U-jCMl5zLiWG8jrymUbhMeqtqy-R5WAZzKileh7vFPz_F8ADhpO-7iq6MNmfI4=s68-c-k-c0x00ffffff-no-rj"
"FIRST LOOK at HEARTOPIA - New COZY Life Sim Game! 💕","https://www.youtube.com/watch?v=XIrI724G4f0&pp=ygUJaGVhcnRvcGlh","3.18:05","1.2万次观看","直播时间：5天前","https://www.youtube.com/@LetzPlayK","https://yt3.ggpht.com/95wUhTCPsPJ5Ocj909q28ipmAFpdjoKmi-qY5mi5oeNTSdqvRajT36SlKAmskSS5YXhb-z53sZs=s68-c-k-c0x00ffffff-no-rj"
"Heartopia🩷Building time🩷","https://www.youtube.com/watch?v=2CM3vOC0IGA&pp=ygUJaGVhcnRvcGlh","40.38","26次观看","1个月前","https://www.youtube.com/@vampsugarVampiva","https://yt3.ggpht.com/sL1gVblg-vSlXkgVK5QxoArggutcHFZf-BsTdF7_UGYAzeOL9ywoMkDDLvNbRCB38axmAP6GyA=s68-c-k-c0x00ffffff-no-rj"
"Heartopia Gameplay First Impressions! A New Multiplayer Stardew/Sims Game?! Will It Be Good?","https://www.youtube.com/watch?v=bPUDQM0plJE&pp=ygUJaGVhcnRvcGlh","1.52:12","1.1万次观看","直播时间：5天前","https://www.youtube.com/@TagBackTv","https://yt3.ggpht.com/ytc/AIdro_l1t8qv4AyjqFaOHd2hL9NrhiLjUSdhjJ8sgUxkdbRsIyE=s68-c-k-c0x00ffffff-no-rj"
"Heartopia - House Tour (Closed beta test)","https://www.youtube.com/watch?v=yIR9jNGHb3k&pp=ygUJaGVhcnRvcGlh","5.20","2057次观看","1个月前","https://www.youtube.com/@Igybood","https://yt3.ggpht.com/zI664poRkhaPrxLmUmIX4A7u4nrTAUIC3b9BzZrYZlMngEYBESQw56pEV8UwDqxws2tM2bmtkw=s68-c-k-c0x00ffffff-no-rj"
"Yet Another Deco Day - Heartopia [Final Beta Test]","https://www.youtube.com/watch?v=BBsYTJfHHRk&pp=ygUJaGVhcnRvcGlh","5.35:03","383次观看","直播时间：4周前","https://www.youtube.com/@BudumDi","https://yt3.ggpht.com/RBXdLYXUn3e-XFG-TKFDbxM9-MIZcy_fq5rC3FxC2qW7_ejxKBD7VRB3NIqbGIWa7B1bkeDQ=s68-c-k-c0x00ffffff-no-rj"
"Heartopia Guide! How to use Build Mode","https://www.youtube.com/watch?v=RO8XUjp3my4&pp=ygUJaGVhcnRvcGlh","7.58","8391次观看","2天前","https://www.youtube.com/@Anakerio","https://yt3.ggpht.com/M18hSfNzgyq9how3afog0jvfZzhF92VSgxKg3TRqR-BTVk3DkJAw4faagqouul2uWm6Wh0-Yzg=s68-c-k-c0x00ffffff-no-rj"
"Heartopia - Global Launch Gameplay (Android/iOS)","https://www.youtube.com/watch?v=nbDB7whFO-M&pp=ygUJaGVhcnRvcGlh","17.23","2374次观看","4天前","https://www.youtube.com/@GamingMobileGM","https://yt3.ggpht.com/ytc/AIdro_l3hp7_BVmJIr8Fvdpp_M5GIefkzyzoK8VNySvn_hubiO0=s68-c-k-c0x00ffffff-no-rj"
"NOBAR SPECIAL PROGRAM HEARTOPIA! ADA REDEEM CODE!","https://www.youtube.com/watch?v=WUY6X8kDIic&pp=ygUJaGVhcnRvcGlh","48.27","310次观看","直播时间：9天前","https://www.youtube.com/@Aquilastt","https://yt3.ggpht.com/j5fV9HIHVKTV21G1m-UJQ1hnVfzsYhmCUmiLMDiaYgnd7XiUxaulnKdXp57u2EjKcOByV9aQ=s68-c-k-c0x00ffffff-no-rj"
"🔴Udah bisaaa painting nichhh  [ HEARTOPIA ]","https://www.youtube.com/watch?v=DsSmEQ8B5B0&pp=ygUJaGVhcnRvcGlh","4.07:22","986次观看","直播时间：5小时前","https://www.youtube.com/@prillysia","https://yt3.ggpht.com/d9rq0Y0QTTEpC_V9JaZaPLWYlTBc0aXPBGFrEz3Lqapich5gb4H1mIJsN_vsUazrzzKrMLnI=s68-c-k-c0x00ffffff-no-rj"
"Is Heartopia a GACHA GAME? PAID vs FREE Content","https://www.youtube.com/watch?v=9gCQ4MQtgVI&pp=ygUJaGVhcnRvcGlh","10.01","1.7万次观看","5天前","https://www.youtube.com/@CozyCyber","https://yt3.ggpht.com/SGVvaP3f3P_IZqosvqGjl2lHI86NGfx_VBLQlx1I2HjKXI6xCzS85YfgDwRVJb2dcnPWt5m_7ck=s68-c-k-c0x00ffffff-no-rj"
"Buat Yang Lagi Nyari Game Santai di Mobile & PC! - Heartopia","https://www.youtube.com/watch?v=zDA22BxobKc&pp=ygUJaGVhcnRvcGlh","16.57","14万次观看","3周前","https://www.youtube.com/@leinxceed","https://yt3.ggpht.com/CHgOWwwEmDV03dmFkZP8CkJyA3yYPN1FrHLS_5KB5jtAqSwDm3sxvB6rFQoBDItgeIgE4qorAg=s68-c-k-c0x00ffffff-no-rj"
"เกมเพลินเกินไป เอาเวลาที่ไหนนอน? | Heartopia #heartopia  #heartopiaofficiallaunch","https://www.youtube.com/watch?v=0eXb7UOupDE&pp=ygUJaGVhcnRvcGlh","25.11","8298次观看","23小时前","https://www.youtube.com/@NutPintoChannel","https://yt3.ggpht.com/ytc/AIdro_mQ_A0Ouh-j7XjCz31x_Tve2ZzZZUcoUW7se3j-CuyzsRE=s68-c-k-c0x00ffffff-no-rj"
"Heartopia","https://www.youtube.com/watch?v=qj5ZhjyC_2Y&pp=ygUJaGVhcnRvcGlh","0.58","12次观看","10天前","https://www.youtube.com/@1PP1-l5t","https://yt3.ggpht.com/J4CCK3iyYfDDPAJQBQJ-eQe5N7jr8tccyiuyX025GeyLs6svgT5pPA-OpvzkMFJFXOW4rCqbQw=s68-c-k-c0x00ffffff-no-rj"
"Building My MEGA DREAM HOME | Heartopia World Expo","https://www.youtube.com/watch?v=Rqo2BbehRS8&pp=ygUJaGVhcnRvcGlh","11.41","1.4万次观看","4天前","https://www.youtube.com/@DaPandaGirl","https://yt3.ggpht.com/b80ovUKABnhbBlaLC_cdgJ8U5n53rWr05IZhxFRYBozRLRRhQJLLtBVuUKTlMYLkPplysYYqkw=s68-c-k-c0x00ffffff-no-rj"
"Rainy work day Vlog | Heartopia","https://www.youtube.com/watch?v=4nCLBGhNIO8&pp=ygUJaGVhcnRvcGlh","3.09","2.7万次观看","2个月前","https://www.youtube.com/@Heartopia-official","https://yt3.ggpht.com/3GBH23oPFmFLP0J1tW78KkKQSZfb2irw4IxjKC5YjPw6NUI_x81xbxLvvkhY53wBYtM9km1T=s68-c-k-c0x00ffffff-no-rj"
"Heartopia - Final Test Gameplay (Android/iOS)","https://www.youtube.com/watch?v=M3awyljgvzM&pp=ygUJaGVhcnRvcGlh0gcJCU0KAYcqIYzv","26.50","961次观看","3周前","https://www.youtube.com/@ancientplayz12","https://yt3.ggpht.com/lXMMPTdl9UOW5or_P5gygFlor2Pzn2cjBuIHaH4Jo7XZ4cbXw3ivtpsQuZ53mrZ-1Z45wpl1=s68-c-k-c0x00ffffff-no-rj"
"Don't Miss Out on Special Weather Rewards in Heartopia","https://www.youtube.com/watch?v=YRcPYK_4QcA&pp=ygUJaGVhcnRvcGlh","6.09","1795次观看","2天前","https://www.youtube.com/@PlanetMooooonstar","https://yt3.ggpht.com/HODWFHzEr9P8OEf7dOzgj-M_hQPlpAKu3t1ATDV_XkvqAJgHnnb4b5GTB-tkprlQb-ZegNK54Q8=s68-c-k-c0x00ffffff-no-rj"
"➤ HEARTOPIA : le guide ULTIME pour débuter (argent,passion,animaux…) !","https://www.youtube.com/watch?v=ezDu_P0ZYbc&pp=ygUJaGVhcnRvcGlh","16.32","7733次观看","2天前","https://www.youtube.com/@FluffyLife","https://yt3.ggpht.com/mbIOTMA1rSFSGOIGofuxQa1fOmpv_jgmpyM6Bgt5aqUKKVO8-aSo3UXEwodloF2nNaiB-mgPFg=s68-c-k-c0x00ffffff-no-rj"
"Just Vibing in Heartopia 💕 Cozy Free Game","https://www.youtube.com/watch?v=IGoy6b08YrI&pp=ygUJaGVhcnRvcGlh","50.06","1667次观看","3天前","https://www.youtube.com/@DrGluonAdventures","https://yt3.ggpht.com/1g0Rf1d0XQ5YeAbeNE_VTvBFjftymlr8XfIoz7NL86WC8sX7qLH4izk764GF1HqPQhSmOfjB=s68-c-k-c0x00ffffff-no-rj"
"HEARTOPIA: Everything you need to know about this NEW FREE GAME","https://www.youtube.com/watch?v=1muaYuSHrcg&pp=ygUJaGVhcnRvcGlh","11.36","1.5万次观看","6天前","https://www.youtube.com/@rocicoci","https://yt3.ggpht.com/gubfpNl0OQNB-kYyYbrDK7J2OrrZAgW6EoirSoyVQeQebgkCbzYHM_PMPtLwJRigEqzk_vu4kw=s68-c-k-c0x00ffffff-no-rj"
"Built this Barbie pink modern villa in Heartopia! 💖","https://www.youtube.com/watch?v=U928x4NcUHc&pp=ygUJaGVhcnRvcGlh","0.53","1988次观看","4个月前","https://www.youtube.com/@WenShui-m1d","https://yt3.ggpht.com/p19-22zdWVl5mOUH8FCcE-2zGouPSMATKcVliH_NQ2q69iA8JhNjUXfIMBI8qWBjnPPtInHx=s68-c-k-c0x00ffffff-no-rj"
"HEARTOPIA | HOW TO CUSTOMIZE YOUR CHARACTER WITHOUT CRAFTING & MIRROR FURNITURE","https://www.youtube.com/watch?v=2atDzGEh73c&pp=ygUJaGVhcnRvcGlh","3.45","1139次观看","2天前","https://www.youtube.com/@Spacegracegaming","https://yt3.ggpht.com/Qdu-8HtBYMw5sse8S4DvilOJyp4px-8Z_upq2emWRU2Qx7N1fg1bQ82IwUxpqX4ecjl5ky-cYfk=s68-c-k-c0x00ffffff-no-rj"
"Heartopia's Pink Mood GACHA MACHINE.. is it a SCAM? Limited Event Out Today","https://www.youtube.com/watch?v=1gxNbC2eBgY&pp=ygUJaGVhcnRvcGlh","9.43","4244次观看","4天前","https://www.youtube.com/@CozyCyber","https://yt3.ggpht.com/SGVvaP3f3P_IZqosvqGjl2lHI86NGfx_VBLQlx1I2HjKXI6xCzS85YfgDwRVJb2dcnPWt5m_7ck=s68-c-k-c0x00ffffff-no-rj"
"Partying Hard! Let's Go 💃🕺 - Heartopia [Final Beta Test]","https://www.youtube.com/watch?v=K3QPvW_wXwM&pp=ygUJaGVhcnRvcGlh","5.46:06","353次观看","直播时间：3周前","https://www.youtube.com/@BudumDi","https://yt3.ggpht.com/RBXdLYXUn3e-XFG-TKFDbxM9-MIZcy_fq5rC3FxC2qW7_ejxKBD7VRB3NIqbGIWa7B1bkeDQ=s68-c-k-c0x00ffffff-no-rj"
"Heartopia How To Change Hairstyle - Simple Guide","https://www.youtube.com/watch?v=FwUfuw2Ggiw&pp=ygUJaGVhcnRvcGlh","0.52","2900次观看","3天前","https://www.youtube.com/@PepperHomie","https://yt3.ggpht.com/ytc/AIdro_mBPabJZPUdAYkwu2bHz-65NpW7y7c5cGggeA5z5JTorw=s68-c-k-c0x00ffffff-no-rj"
"ทุบบ้านให้เป็นร้านสะดวกซื้อ | Heartopia","https://www.youtube.com/watch?v=VmTSaK2EQco&pp=ygUJaGVhcnRvcGlh","34.00","18万次观看","3天前","https://www.youtube.com/@zbingz","https://yt3.ggpht.com/ytc/AIdro_kLtvdHFUDOJ-HfX40ngdya3Xs82w5BL_roPq2jDEAeqCg=s68-c-k-c0x00ffffff-no-rj"
"Heartopia (Global /CBT) Gameplay Android & IOS","https://www.youtube.com/watch?v=QNHHrN-fQ_8&pp=ygUJaGVhcnRvcGlh","1.02:18","4815次观看","2个月前","https://www.youtube.com/@ynx94gamer","https://yt3.ggpht.com/4tqgr4vvBCvOIIiqT-B9gy4-wYOnXCg3KObpk_62rNZgojtxW6-5bGEmumWtdj3iUE3112Sk=s68-c-k-c0x00ffffff-no-rj"
"Un nouveau jeu de simulation de vie cosy, GRATUIT et multijoueur ? Je dis OUI 🥹 | Heartopia #1","https://www.youtube.com/watch?v=FxOHxQsD1IE&pp=ygUJaGVhcnRvcGlh","48.58","3726次观看","18小时前","https://www.youtube.com/@Conjureuse","https://yt3.ggpht.com/aFraFkjhAdaH3uzg_QT8CIrr-VxcIIzgqGJuP54LGYoMpG1srljwd1CmtOmEdCBBpkaQQ_Etbw=s68-c-k-c0x00ffffff-no-rj"
"NEW GAME!! Heartopia - This Game is WORTH a TRY!!!","https://www.youtube.com/watch?v=8kbZjoazTF8&pp=ygUJaGVhcnRvcGlh","8.18","417次观看","4天前","https://www.youtube.com/@iPICKmyBUTT","https://yt3.ggpht.com/0dXDfJmJJOJHXkVDRX9v1srp_JFVdSRKjiJgiOUEjd3kIw9NBMN0CRfjus63lyRxNiUFbD7f=s68-c-k-c0x00ffffff-no-rj"
"มาใช้ชีวิตไปด้วยกัน กับเกม Heartopia ❤️","https://www.youtube.com/watch?v=S7gjKm169i4&pp=ygUJaGVhcnRvcGlh","3.50:49","1万次观看","直播时间：2个月前","https://www.youtube.com/@Mheemee","https://yt3.ggpht.com/817iolmq0JLsHUJ274cuwcnGAD3JWoyz0hKPzoY4NtkxUd7riNi7F6gi5-628Rydt41jip3RA5w=s68-c-k-c0x00ffffff-no-rj"
"Let's Get Cozy in Heartopia","https://www.youtube.com/watch?v=pN1csprG9Vk&pp=ygUJaGVhcnRvcGlh","1.54:59","39次观看","直播时间：1天前","https://www.youtube.com/@katzen15","https://yt3.ggpht.com/-pHDMlax1x55sOUrMEFX4mGoFu3a29FtQMc2CtLvqn_2tF8WxpbPBX7fMK8vdfAEg0Sk8ve5=s68-c-k-c0x00ffffff-no-rj"
"Roaming Oak Timber and Flawless Fluorite Location 1/12/2026 | Heartopia","https://www.youtube.com/watch?v=r2yfaKAXWKQ&pp=ygUJaGVhcnRvcGlh","0.40","81次观看","1天前","https://www.youtube.com/@V4Van","https://yt3.ggpht.com/ytc/AIdro_nZg_8JySI_0e9KIqdUFc5Gyb4mHUgCO0Sz-Q5GTdTxcss=s68-c-k-c0x00ffffff-no-rj"
"Heartopia Is OUT! FREE Pink Gacha Event & Codes 💗","https://www.youtube.com/watch?v=AypX1yZofOg&pp=ygUJaGVhcnRvcGlh","18.47","3743次观看","4天前","https://www.youtube.com/@EroseSays","https://yt3.ggpht.com/ytc/AIdro_kZKiUxIqJ2STd_ltDB7Hl2nM8onnu7ddNi0peS8xMjWdc=s68-c-k-c0x00ffffff-no-rj"
"💗 Heartopia Daily Vlog 🌸 | Cozy Morning, Decorating & Exploring the Town 🏡✨ #heartopia","https://www.youtube.com/watch?v=MkTwikMiXbM&pp=ygUJaGVhcnRvcGlh","8.26","1134次观看","2个月前","https://www.youtube.com/@shirenne","https://yt3.ggpht.com/5wz0qI6M1jrTlt6K-JoonnOHNyL7Q0nLzxC2Me9LUjySrZDcUS8YeF64z37y1JhwZOUjaBZH=s68-c-k-c0x00ffffff-no-rj"
"Sneak Peek of the Heartopia World Expo!","https://www.youtube.com/watch?v=_xkVxU49s2c&pp=ygUJaGVhcnRvcGlh0gcJCU0KAYcqIYzv","0.18","5870次观看","5天前","https://www.youtube.com/@Heartopia-official","https://yt3.ggpht.com/3GBH23oPFmFLP0J1tW78KkKQSZfb2irw4IxjKC5YjPw6NUI_x81xbxLvvkhY53wBYtM9km1T=s68-c-k-c0x00ffffff-no-rj"
"FINALLY GLOBAL! Is it the BEST COZY GAME for Mobile? Heartopia Android Gameplay","https://www.youtube.com/watch?v=RdjBBhW_cDI&pp=ygUJaGVhcnRvcGlh","11.51","5608次观看","1天前","https://www.youtube.com/@MonsterDroiid11","https://yt3.ggpht.com/ytc/AIdro_kvw6J4epoYIV9heThxro7yoVRUPusGSEKJJndgfMSNANw=s68-c-k-c0x00ffffff-no-rj"
"Harvest Moon Versi Online? Persiapan Sebelum Bermain HEARTOPIA!","https://www.youtube.com/watch?v=26lFGbzx2fI&pp=ygUJaGVhcnRvcGlh","8.07","11万次观看","6天前","https://www.youtube.com/@leinxceed","https://yt3.ggpht.com/CHgOWwwEmDV03dmFkZP8CkJyA3yYPN1FrHLS_5KB5jtAqSwDm3sxvB6rFQoBDItgeIgE4qorAg=s68-c-k-c0x00ffffff-no-rj"
"FIRST LOOK at a new FREE-TO-PLAY game Heartopia!!","https://www.youtube.com/watch?v=u5JF9dVlDW4&pp=ygUJaGVhcnRvcGlh","3.26:20","1421次观看","直播时间：4天前","https://www.youtube.com/@StephLunara","https://yt3.ggpht.com/L3mCjUOfn3dJ7fIPI6Hl_vV9zNYSAOqrgvBqeCMByFafloV1aQfzOf7w66nRvxk3xHx2yYLQ=s68-c-k-c0x00ffffff-no-rj"
"💖 HEARTOPIA : 5 choses à savoir sur ce sim-life incroyable et gratuit !","https://www.youtube.com/watch?v=Q92USr9PIyY&pp=ygUJaGVhcnRvcGlh","5.06","7022次观看","7天前","https://www.youtube.com/@milkameluna","https://yt3.ggpht.com/EXM2QyL50qtb6teNPIIQtb2U2Fp7U_6pFph7vmSOt3ludkxc1ugp3vQ0kncyJimVKcvp1H6GViU=s68-c-k-c0x00ffffff-no-rj"
"💖30 ESSENTIAL Tips for Heartopia Beginners","https://www.youtube.com/watch?v=zFkhEgPEjT4&pp=ygUJaGVhcnRvcGlh","9.22","4623次观看","4天前","https://www.youtube.com/@PlanetMooooonstar","https://yt3.ggpht.com/HODWFHzEr9P8OEf7dOzgj-M_hQPlpAKu3t1ATDV_XkvqAJgHnnb4b5GTB-tkprlQb-ZegNK54Q8=s68-c-k-c0x00ffffff-no-rj"
"🌸 MY 1ST DAY in Heartopia! NEW FREE TO PLAY COZY GAME 2026 | first impressions and my honest review","https://www.youtube.com/watch?v=7qRjFS2asGI&pp=ygUJaGVhcnRvcGlh","13.23","106次观看","2天前","https://www.youtube.com/@allizzles","https://yt3.ggpht.com/ODwGgh0hZgmNGW69QTCVfm2Ts_8xAOdmqOy_kAkhiILgqtgX-nUSsGf9ac9Jd5iIWQ6Hct0QtJE=s68-c-k-c0x00ffffff-no-rj"
"Roaming Oak Timber and Flawless Fluorite Location 1/13/2026 | Heartopia","https://www.youtube.com/watch?v=qwLzZt2VLzo&pp=ygUJaGVhcnRvcGlh","0.40","无人观看","10小时前","https://www.youtube.com/@V4Van","https://yt3.ggpht.com/ytc/AIdro_nZg_8JySI_0e9KIqdUFc5Gyb4mHUgCO0Sz-Q5GTdTxcss=s68-c-k-c0x00ffffff-no-rj"
"jogar HEARTOPIA me fez muito feliz (cozy game)","https://www.youtube.com/watch?v=cZn04I0xMho&pp=ygUJaGVhcnRvcGlh","3.22:34","1.7万次观看","2天前","https://www.youtube.com/@belnocontrole","https://yt3.ggpht.com/ytc/AIdro_mQ2MqmImU7gWwMRs7Rn4fi14BmKCWSOXFvqiBWRFXPsw=s68-c-k-c0x00ffffff-no-rj"
"This Cozy Game is Really Good, It's Perfect for Those Who Like The Sims - Heartopia (Mobile/PC) #...","https://www.youtube.com/watch?v=qLQ8z3WquNA&pp=ygUJaGVhcnRvcGlh","15.38","2914次观看","2个月前","https://www.youtube.com/@siciko","https://yt3.ggpht.com/EoNgVWLVhiPL6W8wogjnxucMvTSl61uZdBWpFuDyCCFqy32CN3py0_Vskdd-tP-QNPezUk29=s68-c-k-c0x00ffffff-no-rj"
"All Redeem Code - AKhirnya versi GLOBAL! Download Sekarang Heartopia (PC/Android)","https://www.youtube.com/watch?v=3jedzChh7qQ&pp=ygUJaGVhcnRvcGlh","11.18","1万次观看","6天前","https://www.youtube.com/@r0ixydragony","https://yt3.ggpht.com/z0XP937IO10BeJHHejV99ogQOOn_MfAoHQBDSAs2cDmcLDXYX2Tn4ois-mAWRsMBw_Rcoj6Ix6s=s68-c-k-c0x00ffffff-no-rj"
"JUGANDO HEARTOPIA✨Por primera vez | Heartopia","https://www.youtube.com/watch?v=1WKveIASsto&pp=ygUJaGVhcnRvcGlh","14.15","330次观看","2个月前","https://www.youtube.com/@VazGaming_0","https://yt3.ggpht.com/BzRVtsCv1uVb81k0EQgS7xa3XQAKT2hMnBdrALJQIOqsKislVSQyOzD2UjPZSegcFyyXyMHoV58=s68-c-k-c0x00ffffff-no-rj"
"Is Heartopia the Cozy Game I’ve Been Waiting For?","https://www.youtube.com/watch?v=gXJsZ-seYQ8&pp=ygUJaGVhcnRvcGlh","1.37:31","3251次观看","4天前","https://www.youtube.com/@Ezeekat","https://yt3.ggpht.com/k28EJgH_0PQX3P_X1ll6R_rIWLNRMzwzcC0IkCsDqPikER872_5MGcMX9jHA0Ghqb7gz0iyoJw=s68-c-k-c0x00ffffff-no-rj"
"Heartopia Closed Beta: Richtig süß aber etwas fehlt | Kuscheldecke & Controller 🎮","https://www.youtube.com/watch?v=uQ5lZ6gHRzY&pp=ygUJaGVhcnRvcGlh","43.29","726次观看","1个月前","https://www.youtube.com/@CozyGems","https://yt3.ggpht.com/RKNrhEOMPLsKT36Kp4g049ZPb-yiIjQ7a_h8G9oRsKT3BoV4sYzshxfsmXtvm6AUy8A5RnHvQtU=s68-c-k-c0x00ffffff-no-rj"
"Heartopia | Final Beta Test | Day 6","https://www.youtube.com/watch?v=VaTCjTIIB3U&pp=ygUJaGVhcnRvcGlh","1.31:42","169次观看","直播时间：4周前","https://www.youtube.com/@woofbark","https://yt3.ggpht.com/Ytmi0tiwAnJg3DAjf-ylbIWEDj4VF9v3qICzzbw3UGDNtZhOqMPdLl3ZUVjCeQajfyBDu19o=s68-c-k-c0x00ffffff-no-rj"
"🧡Heartopia: The BASICS You NEED To Know! Icons, Map, Currencies, Dailies & Quests Explained!","https://www.youtube.com/watch?v=PLM7rRmuIuo&pp=ygUJaGVhcnRvcGlh","12.55","742次观看","16小时前","https://www.youtube.com/@MinsMeadow","https://yt3.ggpht.com/lEvSNEqFqFvAFcs04JQsHXlI7SiBZ84s-NQrbqTf1EnDfEoxXgQMBQE5RgPTCzJ4Io-9J8S5=s68-c-k-c0x00ffffff-no-rj"
"How to Download Heartopia on PC: Official Version & Best Emulator Setup (2026)","https://www.youtube.com/watch?v=HL39erwV1G4&pp=ygUJaGVhcnRvcGlh0gcJCU0KAYcqIYzv","1.26","4899次观看","4天前","https://www.youtube.com/@guiasysoluciones","https://yt3.ggpht.com/9qHxCYYUIPyFOnx0nmBBUpTbr_fHVudVlmt-unEfWpTe6TBbjjJwN8O55WwnJbqWx8Ylv5qJFg=s68-c-k-c0x00ffffff-no-rj"
"Let's Talk About Heartopia...","https://www.youtube.com/watch?v=x6Kg9CC7jEI&pp=ygUJaGVhcnRvcGlh","6.31","2090次观看","3天前","https://www.youtube.com/@cozyescapism","https://yt3.ggpht.com/vl6fJBOu_0CSe2Kg1KATGqJKNSH-NgO9skLve1bhySNzTd5HYbh5Voi-YqKgb0-8E1geXx_u-w=s68-c-k-c0x00ffffff-no-rj"
"I bought a gold car in Heartopia, and then something unexpected happened!!","https://www.youtube.com/watch?v=_JGv5moLhJI&pp=ygUJaGVhcnRvcGlh","11.10","2.4万次观看","3天前","https://www.youtube.com/@ApologizeCh122","https://yt3.ggpht.com/ytc/AIdro_kBlnW5Q2fSEgSpSgdk9Ae20KzayQvxJj_B0wIvZOZTAao=s68-c-k-c0x00ffffff-no-rj"
"Inspiration for Houses in Heartopia Final CBT - Heartopia #heartopia #heartopiafinaltest","https://www.youtube.com/watch?v=srMvuPlWmYc&pp=ygUJaGVhcnRvcGlh","14.33","1807次观看","3周前","https://www.youtube.com/@siciko","https://yt3.ggpht.com/EoNgVWLVhiPL6W8wogjnxucMvTSl61uZdBWpFuDyCCFqy32CN3py0_Vskdd-tP-QNPezUk29=s68-c-k-c0x00ffffff-no-rj"
"Heartopia: Adding a friend!","https://www.youtube.com/watch?v=jKyhpmnBwb4&pp=ygUJaGVhcnRvcGlh","1.19","703次观看","1个月前","https://www.youtube.com/@_anais._.","https://yt3.ggpht.com/ytc/AIdro_lhAQ5vxW3RG0RG93IxUIhy7jgdVX6RvfiSRne6-zM1XUI=s68-c-k-c0x00ffffff-no-rj"
"HEARTOPIA | GAMEPLAY, LIFE SIMULATOR, OPEN WORLD, HOBBIES, BUILDING (EARLY ACCESS) FREE","https://www.youtube.com/watch?v=LnOkuIN7bS4&pp=ygUJaGVhcnRvcGlh","20.41","6272次观看","2个月前","https://www.youtube.com/@WesleyRJ_","https://yt3.ggpht.com/ytc/AIdro_kdvSa90kEpyn4TqZu7MACZXL9Fa3KmxYIde9M2lWVTt2E=s68-c-k-c0x00ffffff-no-rj"
"HEARTOPIA | HOW TO REDEEM CODES? SIMPLE TUTORIAL (EVERYDAY I'LL UPDATE THE CODES IN THE DESCRIPTION)","https://www.youtube.com/watch?v=HAO9jk2JIok&pp=ygUJaGVhcnRvcGlh","1.21","4392次观看","5天前","https://www.youtube.com/@Spacegracegaming","https://yt3.ggpht.com/Qdu-8HtBYMw5sse8S4DvilOJyp4px-8Z_upq2emWRU2Qx7N1fg1bQ82IwUxpqX4ecjl5ky-cYfk=s68-c-k-c0x00ffffff-no-rj"
"HEARTOPIA Launched | Download Now | Android Gameplay | Hindi |","https://www.youtube.com/watch?v=1ILUtpVzH3U&pp=ygUJaGVhcnRvcGlh","8.03","2372次观看","2个月前","https://www.youtube.com/@IndianGaming_Official","https://yt3.ggpht.com/8_PfLgqYdhhcOSD1zq5s2tl3RvnV1xRiKMEJIS2WEPSDt8cxPwMFvCLsluY5d0VmnbOyJGHvCQ=s68-c-k-c0x00ffffff-no-rj"
"😍Ce JEU GRATUIT façon Animal Crossing et Infinity Nikki est juste incroyable #Heartopia","https://www.youtube.com/watch?v=YSMp8D3E_Pk&pp=ygUJaGVhcnRvcGlh","33.35","6266次观看","2个月前","https://www.youtube.com/@milkameluna","https://yt3.ggpht.com/EXM2QyL50qtb6teNPIIQtb2U2Fp7U_6pFph7vmSOt3ludkxc1ugp3vQ0kncyJimVKcvp1H6GViU=s68-c-k-c0x00ffffff-no-rj"
"【Heartopia】NEW Cute Life Sim! First Look LIVE!","https://www.youtube.com/watch?v=7h_oovfk2TM&pp=ygUJaGVhcnRvcGlh","2.40:42","919次观看","直播时间：2个月前","https://www.youtube.com/@NyannahNyan","https://yt3.ggpht.com/w8gxw7KW_kjRXLxE7qJvQ7ClJXFfuzkNH0WHb0mNUNKh9a9ucRm-yuKRaVvqKDDRt2AYoBJxHzo=s68-c-k-c0x00ffffff-no-rj"
"This NEW life sim is ADDICTIVE… and almost nobody knows about it 😳💖 | Heartopia","https://www.youtube.com/watch?v=1nhzGRr662M&pp=ygUJaGVhcnRvcGlh","12.28","8462次观看","3周前","https://www.youtube.com/@maryroots","https://yt3.ggpht.com/jVhLcqHJwa5-MibZ9i2q-FdPJ76F9NXYvS3Rt_pfKZlUpXktTVYO9ggko5GZodbOiMARK0WMRdg=s68-c-k-c0x00ffffff-no-rj"
"【 Heartopia 】AKU MAU JAMURR!! #vtuber #heartopia  【 Vtuber Indonesia】","https://www.youtube.com/watch?v=YQRU1YcI6SU&pp=ygUJaGVhcnRvcGlh","3.19:01","144次观看","直播时间：23小时前","https://www.youtube.com/@imeeloud","https://yt3.ggpht.com/IEeoK3OX3Y9eDrtIPnYtWs0AVds_Vlm1vIcZVTOmj_9R8keKpBMzc-KR9BT6QgpcMnhy8C38HA=s68-c-k-c0x00ffffff-no-rj"
"Jangan Salah Langkah! Guide Lengkap Heartopia Global: Tips Server & Mabar","https://www.youtube.com/watch?v=w5KXIIhRHAU&pp=ygUJaGVhcnRvcGlh","20.48","1.4万次观看","4天前","https://www.youtube.com/@siciko","https://yt3.ggpht.com/EoNgVWLVhiPL6W8wogjnxucMvTSl61uZdBWpFuDyCCFqy32CN3py0_Vskdd-tP-QNPezUk29=s68-c-k-c0x00ffffff-no-rj"
"We've discovered a multiplayer COSYGAME 🌿 (it's incredible) | Heartopia","https://www.youtube.com/watch?v=a-OpM0lJqPI&pp=ygUJaGVhcnRvcGlh","15.56","1.4万次观看","1个月前","https://www.youtube.com/@Lu_K","https://yt3.ggpht.com/koa-XTLwS8FGfJ4Mt820cQAmpVR2ly-ag3P8e-XJQIqwrv_2tZUQzqsk_T6Bo1Csxb5IBfLZdww=s68-c-k-c0x00ffffff-no-rj"
"อัพเดตใหม่! ทริคฟาร์มเงินรวยไวช่วงต้นเกม Heartopia","https://www.youtube.com/watch?v=QB4HoKDVgiA&pp=ygUJaGVhcnRvcGlh","8.52","3.9万次观看","1个月前","https://www.youtube.com/@GibpuriCh","https://yt3.ggpht.com/SJ2XHbsdrhgcj_NboNGkJo_YX0Ru17PpRjjCUQxqVSWW-b4qCGhlnDF1pAR-HIHIZtP_tOovzg=s68-c-k-c0x00ffffff-no-rj"
"Heartopia ^_^","https://www.youtube.com/watch?v=A7T9mlfuJKA&pp=ygUJaGVhcnRvcGlh","8.09","60次观看","1个月前","https://www.youtube.com/@Pou_P_Pou","https://yt3.ggpht.com/xa92C43blvTDuTv15giZN_ix1hafeQ32IiY6uxPcU9DWdsqGto-8FXXJ5Va0OZCpNsX_01aqvYw=s68-c-k-c0x00ffffff-no-rj"
"Heartopia - Open World Simulation Gameplay (Android/iOS)","https://www.youtube.com/watch?v=KF0UaO-qzgc&pp=ygUJaGVhcnRvcGlh","37.30","9181次观看","1年前","https://www.youtube.com/@adeptless","https://yt3.ggpht.com/Tp5f5NcGHKfWng97D0osOECVKwE5I4c2y72gFjt0HSXqZmale04TlgeRpNNEaJdIzy3ywJjP8yI=s68-c-k-c0x00ffffff-no-rj"
"COMMENT OBTENIR 2 RÉCOMPENSES EXCLUSIVES SUR HEARTOPIA ? ⛵","https://www.youtube.com/watch?v=qlbF23o8srw&pp=ygUJaGVhcnRvcGlh","1.22","241次观看","2个月前","https://www.youtube.com/@am%C3%A8thysteeee","https://yt3.ggpht.com/tjfAXQqoJqClgymB81aUiMTZNmOUdVQhNqs6n26ljo8M9eaqjrEQTHwlHVybCc6bGyQSYInRS0c=s68-c-k-c0x00ffffff-no-rj"
"All 19 Gold Bubbles Locations | Heartopia Guide","https://www.youtube.com/watch?v=-zUfQ5urOnc&pp=ygUJaGVhcnRvcGlh","12.08","1242次观看","2天前","https://www.youtube.com/@Mochiin.heartopia","https://yt3.ggpht.com/cOOTMOKZZtIX42SVoEP71uuVyFytTbkO9X1-F4WEpYgPb5oDYZ_MjyqTUHpXSCRjF1TOpSFh=s68-c-k-c0x00ffffff-no-rj"
"Playing Heartopia for 7 days!! What will I encounter? 👀⭐ | Heartopia | ฮาร์ทโตเปีย","https://www.youtube.com/watch?v=WPGfdn-oE78&pp=ygUJaGVhcnRvcGlh","25.12","6.6万次观看","1个月前","https://www.youtube.com/@itspaint","https://yt3.ggpht.com/bIEnUHKQ_XhPVRIGEQK0CQRGSzKAuRRrteAO8vBcZ3_3819c9uTovHxzCj9ssScXDtTesORe=s68-c-k-c0x00ffffff-no-rj"
"Heartopia เกมจำลองชีวิตในเมืองน่ารักๆ ปลูกผัก ตกปลา จับแมลง ทำอาหาร ส่องนก และอื่นๆ","https://www.youtube.com/watch?v=zmmbqfNVQiA&pp=ygUJaGVhcnRvcGlh0gcJCU0KAYcqIYzv","18.35","2.7万次观看","4天前","https://www.youtube.com/@ShortyBluejova","https://yt3.ggpht.com/is9RtIEiZtiteEPihWeu5Zk6LCoZ1q9IUQNvMiwjJwASOeTjcNcdoLBggv1iwa8wuTG1VB_4oCk=s68-c-k-c0x00ffffff-no-rj"
"TOMORROW RELEASE! Heartopia! Are we ready? Pre-register now and claim your prize, guys!","https://www.youtube.com/watch?v=PZNgnqRiJGU&pp=ygUJaGVhcnRvcGlh0gcJCU0KAYcqIYzv","10.10","2519次观看","7天前","https://www.youtube.com/@ricokucing",""
"DAY 9 NYANTAI AJA - Heartopia","https://www.youtube.com/watch?v=LHQqt2ck-iA&pp=ygUJaGVhcnRvcGlh","3.49:39","534次观看","直播时间：1个月前","https://www.youtube.com/@Aquilastt",""
"💰หาเงิน💰 วันแรก 50,000.- l Heartopia 💖","https://www.youtube.com/watch?v=orPaaQ4LQ-0&pp=ygUJaGVhcnRvcGlh","7.13","9162次观看","2天前","https://www.youtube.com/@iamjuneen",""
"Final Test! - Heartopia","https://www.youtube.com/watch?v=en0q2IEE6ds&pp=ygUJaGVhcnRvcGlh","6.03:54","346次观看","直播时间：1个月前","https://www.youtube.com/@BudumDi",""
"DAY 8 AKHIRNYA KEBUKA FITUR ACHIEVEMENT - Heartopia","https://www.youtube.com/watch?v=TdMQwcMwWIo&pp=ygUJaGVhcnRvcGlh","4.54:35","729次观看","直播时间：2个月前","https://www.youtube.com/@Aquilastt",""
"Heartopia Final test gameplay (2)","https://www.youtube.com/watch?v=sWWYXnE_uJk&pp=ygUJaGVhcnRvcGlh","1.03:12","251次观看","3周前","https://www.youtube.com/@neenaniya",""
"All-Night Cozy Stream!⭐ Infinity Nikki 2.1 & MORE Heartopia👀","https://www.youtube.com/watch?v=E1Y-HFOOf5c&pp=ygUJaGVhcnRvcGlh","11.55:01","5559次观看","直播时间：2天前","https://www.youtube.com/@BarbsCorner",""
"Yang Ditunggu Akhirnya Rilis di Indonesia! - Heartopia (Android/iOS/PC)","https://www.youtube.com/watch?v=SzvOzGVtLGs&pp=ygUJaGVhcnRvcGlh0gcJCU0KAYcqIYzv","18.37","5.8万次观看","5天前","https://www.youtube.com/@leinxceed",""
